4018,1151638451,2023-04-25T08:19:39Z
1251,1034394929,2021-07-19T16:23:08Z
1610,996009533,2020-12-24T01:24:04Z
8058,1258624085,2024-11-20T18:55:02Z
5087,1258219250,2024-11-18T20:04:07Z
1025,1253126031,2024-10-24T13:34:46Z
5162,1249405572,2024-10-04T19:07:15Z
6038,1240964159,2024-08-18T15:02:42Z
1826,1076756755,2022-03-12T19:29:25Z
197,1034936315,2021-07-22T17:27:51Z
3397,970302102,2020-07-30T14:13:42Z
1259,1114504561,2022-10-06T21:01:17Z
233,1109085029,2022-09-07T21:25:47Z
9146,1079250281,2022-03-25T20:27:11Z
5843,1031702580,2021-07-03T04:33:19Z
7683,1016644183,2021-04-08T09:17:02Z
1639,1005366235,2021-02-07T08:54:26Z
5306,995651027,2020-12-22T04:22:26Z
1755,994250878,2020-12-14T20:09:57Z
2325,1258604432,2024-11-20T16:47:29Z
7350,1215631384,2024-03-26T07:18:12Z
1230,1197292906,2024-01-19T22:37:00Z
1741,1190370904,2023-12-17T14:32:58Z
2756,994552052,2020-12-16T08:47:13Z
6302,1080287660,2022-03-31T10:10:42Z
202,1073560556,2022-02-23T09:48:15Z
2000,1031709663,2021-07-03T05:42:30Z
915,1031657922,2021-07-02T22:14:58Z
4480,1251677595,2024-10-17T12:49:35Z
256,971631966,2020-08-07T09:31:17Z
9044,970400868,2020-07-31T02:36:12Z
4418,1190463949,2023-12-18T01:37:00Z
15351,1081341725,2022-04-06T21:36:53Z
2157,1014090324,2021-03-25T03:14:43Z
852,984595281,2020-10-20T23:56:28Z
3092,1258820589,2024-11-21T20:31:17Z
664,1258436478,2024-11-19T18:52:15Z
6108,1247560624,2024-09-24T21:08:31Z
370,1137467413,2023-02-04T20:23:55Z
100,1147295455,2023-03-30T00:49:32Z
8580,1015644534,2021-04-02T17:20:36Z
5524,1234636109,2024-07-15T10:34:26Z
820,978594148,2020-09-15T20:56:21Z
143,960240018,2020-06-01T21:47:56Z
1885,953561464,2020-04-27T21:23:12Z
4018,1080829166,2022-04-03T18:20:18Z
3075,1066750386,2022-01-19T23:25:20Z
6240,1012413734,2021-03-16T07:37:41Z
1943,1007265963,2021-02-17T06:19:47Z
1121,1263710516,2024-12-18T05:28:39Z
1050,1251939631,2024-10-18T23:02:43Z
27834,1176390297,2023-09-21T12:17:35Z
1340,1237140215,2024-07-28T09:25:43Z
3259,955255576,2020-05-06T20:02:25Z
2461,1197779756,2024-01-21T22:39:01Z
138,1047675976,2021-10-02T01:12:47Z
2552,1024226967,2021-05-20T21:33:16Z
1595,1263956802,2024-12-19T15:55:47Z
3501,1233929171,2024-07-11T17:20:12Z
2708,1138451016,2023-02-09T19:36:42Z
1450,1087727093,2022-05-14T04:43:15Z
4594,1137371861,2023-02-04T07:59:05Z
7456,1031486320,2021-07-01T22:13:34Z
1359,1250503955,2024-10-10T20:28:58Z
3617,1246393589,2024-09-18T17:45:55Z
4485,1235915783,2024-07-21T21:51:21Z
3078,1234920005,2024-07-16T20:25:34Z
779,1233934520,2024-07-11T18:01:20Z
678,1096535840,2022-07-05T02:51:13Z
5706,1064478003,2022-01-08T15:38:59Z
1767,1095860787,2022-06-30T21:02:28Z
5433,1146927355,2023-03-27T20:18:06Z
2396,1068212804,2022-01-27T07:04:16Z
2345,961835592,2020-06-10T17:23:16Z
2381,960318982,2020-06-02T08:51:19Z
4154,1081928067,2022-04-10T13:43:46Z
2096,1045456477,2021-09-20T17:29:02Z
980,1030858854,2021-06-28T11:58:21Z
1269,976176550,2020-09-01T15:58:50Z
1772,1258230960,2024-11-18T21:16:47Z
2703,1233935564,2024-07-11T18:09:05Z
8472,971663546,2020-08-07T13:52:02Z
4861,1030255292,2021-06-24T20:37:38Z
1316,1079622824,2022-03-27T19:37:14Z
2132,1006914812,2021-02-15T14:22:20Z
3972,1258440342,2024-11-19T19:18:03Z
1421,1250120103,2024-10-08T15:44:38Z
8609,1237140444,2024-07-28T09:27:54Z
3992,1235913552,2024-07-21T21:38:31Z
2109,1166112326,2023-07-19T12:18:06Z
1157,1020996866,2021-05-02T09:17:31Z
2756,994551807,2020-12-16T08:44:14Z
1912,1047431792,2021-09-30T20:30:43Z
1932,1090286135,2022-05-28T16:31:19Z
576,1015951177,2021-04-04T15:01:56Z
2200,1253126447,2024-10-24T13:37:20Z
2021,1102174855,2022-08-03T19:09:46Z
2705,1081341657,2022-04-06T21:36:19Z
1532,948282188,2020-03-31T04:47:43Z
6414,1077573843,2022-03-17T01:08:08Z
1516,1025589206,2021-05-28T11:31:13Z
4301,1247553263,2024-09-24T20:26:06Z
167,1023074127,2021-05-14T06:22:21Z
2007,991013338,2020-11-27T20:21:47Z
507,1209236117,2024-02-20T23:05:27Z
785,1190675119,2023-12-19T05:51:49Z
4272,1154022469,2023-05-09T19:22:34Z
70244,1111505759,2022-09-21T09:31:01Z
1434,1076887427,2022-03-13T13:08:45Z
12273,1030859087,2021-06-28T12:00:02Z
1682,1252069934,2024-10-19T16:48:35Z
372,1257004501,2024-11-12T18:04:26Z
306,1259482636,2024-11-25T12:05:27Z
5006,1154593916,2023-05-13T13:31:11Z
1486,1077573788,2022-03-17T01:07:44Z
635,984595699,2020-10-21T00:00:43Z
163,1232897680,2024-07-06T06:05:00Z
7866,1096716982,2022-07-06T06:26:19Z
1795,1098093333,2022-07-14T05:15:06Z
677,1033421033,2021-07-13T15:45:17Z
1925,1268145762,2025-01-08T09:43:51Z
1670,1258606671,2024-11-20T17:01:09Z
28348,1164733453,2023-07-10T19:36:23Z
9926,990561047,2020-11-25T05:24:42Z
657,1226187421,2024-05-29T02:09:17Z
1345,1190923503,2023-12-20T17:07:13Z
3477,1136772216,2023-02-01T01:39:44Z
8088,1154593615,2023-05-13T13:28:47Z
3494,1095009141,2022-06-25T21:41:54Z
114,1050279500,2021-10-16T21:43:59Z
1642,1044718543,2021-09-16T18:14:55Z
1398,1016054240,2021-04-05T04:14:04Z
1084,1014089634,2021-03-25T03:08:00Z
3944,994416763,2020-12-15T16:40:49Z
64034,1234928714,2024-07-16T21:21:05Z
5711,1023961616,2021-05-19T09:37:21Z
8752,953683446,2020-04-28T14:38:50Z
3045,1043582452,2021-09-10T20:59:41Z
1870,1253366115,2024-10-25T16:19:58Z
7677,1253154555,2024-10-24T16:18:02Z
2979,1247090127,2024-09-22T19:21:45Z
690,1233932610,2024-07-11T17:46:45Z
10302,970598098,2020-08-01T08:14:05Z
2498,966569035,2020-07-07T21:01:50Z
682,1190681724,2023-12-19T06:29:04Z
2374,1091112288,2022-06-02T08:00:05Z
4086,1081253186,2022-04-06T08:18:45Z
9381,1247552513,2024-09-24T20:22:20Z
922,998125777,2021-01-03T23:11:54Z
3671,986141114,2020-10-30T01:29:19Z
2179,1228719387,2024-06-12T20:07:46Z
1621,1249846025,2024-10-07T04:24:54Z
1088,1243737847,2024-09-03T04:10:02Z
4994,1242224701,2024-08-25T17:34:00Z
1532,1238604967,2024-08-04T19:00:50Z
2083,1078656527,2022-03-22T17:30:40Z
717,956467195,2020-05-13T14:30:30Z
138,1047440835,2021-09-30T21:38:30Z
238,1177559079,2023-09-28T04:23:58Z
3088,1090739553,2022-05-31T03:25:17Z
1924,1083723239,2022-04-20T09:05:03Z
706,1035120240,2021-07-23T20:05:42Z
1476,987764289,2020-11-09T02:53:49Z
1249,971276578,2020-08-05T03:32:41Z
8814,1248416186,2024-09-29T11:30:47Z
7356,1220929536,2024-04-26T19:56:09Z
3354,1088248027,2022-05-16T23:53:35Z
3045,1044066220,2021-09-13T11:30:58Z
1084,1012095386,2021-03-14T15:48:22Z
2975,991053392,2020-11-28T00:47:19Z
5187,1246713977,2024-09-20T16:34:37Z
2530,1096425944,2022-07-04T11:40:18Z
1660,1031711336,2021-07-03T05:58:13Z
1883,1258625653,2024-11-20T19:03:45Z
1332,1263709017,2024-12-18T05:09:27Z
1329,1190503160,2023-12-18T07:12:15Z
81,1147405382,2023-03-30T18:59:50Z
2877,1005992055,2021-02-10T13:11:19Z
228,990120655,2020-11-22T22:52:08Z
1618,1177553006,2023-09-28T03:09:24Z
56,1023074165,2021-05-14T06:22:50Z
1231,1231808938,2024-06-30T11:15:12Z
1095,1088738661,2022-05-19T21:22:11Z
4182,1104608524,2022-08-15T22:44:02Z
2871,1047045505,2021-09-28T18:30:29Z
2906,1084752724,2022-04-26T11:11:20Z
1976,1074705745,2022-03-01T18:26:42Z
7201,1031692753,2021-07-03T03:13:50Z
6368,1016054297,2021-04-05T04:14:42Z
1476,988144001,2020-11-11T10:34:55Z
2654,962515533,2020-06-14T14:13:28Z
1647,1252069276,2024-10-19T16:44:20Z
1583,1250764401,2024-10-12T11:26:27Z
6004,1241798185,2024-08-23T05:51:37Z
3005,1000175686,2021-01-13T23:38:22Z
526,985742667,2020-10-27T18:07:04Z
1220,1088850005,2022-05-20T12:55:35Z
3462,1156521471,2023-05-23T08:18:47Z
10276,1154492225,2023-05-12T21:26:11Z
706,1037027876,2021-08-04T03:20:35Z
3715,1012337566,2021-03-15T20:55:35Z
8338,1009958522,2021-03-03T03:37:09Z
2846,1006911643,2021-02-15T13:57:09Z
3116,1242205134,2024-08-25T15:19:33Z
1913,1262810783,2024-12-13T07:13:46Z
704,1215634218,2024-03-26T07:56:48Z
5649,1177669953,2023-09-28T20:37:43Z
4396,1160375161,2023-06-16T03:04:45Z
5168,1240964931,2024-08-18T15:07:46Z
6913,1136038948,2023-01-28T11:23:12Z
1410,1016603791,2021-04-08T02:08:40Z
1042,1160827584,2023-06-19T01:37:38Z
5562,1147411132,2023-03-30T19:48:09Z
1312,1015644418,2021-04-02T17:19:47Z
1450,1010147676,2021-03-04T01:12:12Z
968,1261621917,2024-12-07T01:18:08Z
7127,1241357553,2024-08-20T18:33:37Z
12102,1017977816,2021-04-15T17:03:34Z
1656,1243902050,2024-09-04T00:57:11Z
6372,1016641619,2021-04-08T08:50:38Z
131,960096511,2020-06-01T03:19:46Z
6147,1254382514,2024-10-30T18:56:29Z
6327,1251669733,2024-10-17T11:37:54Z
1143,1237140319,2024-07-28T09:26:50Z
400,1234926720,2024-07-16T21:07:15Z
412,1234639500,2024-07-15T11:06:37Z
1664,988214212,2020-11-11T20:11:37Z
1757,1047847412,2021-10-02T21:16:47Z
2482,1177883860,2023-09-30T06:42:32Z
7263,1009962902,2021-03-03T04:06:45Z
4263,966307403,2020-07-06T10:25:25Z
5261,1247800592,2024-09-26T02:29:02Z
7127,1241226452,2024-08-20T01:34:17Z
6886,1140483756,2023-02-20T07:44:00Z
5682,1078656634,2022-03-22T17:31:25Z
3022,1257424180,2024-11-14T20:53:10Z
5280,990967715,2020-11-27T15:22:15Z
466,986101801,2020-10-29T20:09:50Z
3922,1156521451,2023-05-23T08:18:37Z
1314,1258230296,2024-11-18T21:12:00Z
11283,1253129464,2024-10-24T13:57:06Z
69210,1234928425,2024-07-16T21:18:34Z
2859,1234638680,2024-07-15T10:58:57Z
141,1233930056,2024-07-11T17:27:16Z
433,1258863227,2024-11-22T01:30:44Z
2469,1137455902,2023-02-04T19:26:54Z
3824,1087730812,2022-05-14T05:10:41Z
4034,1045073441,2021-09-18T17:03:06Z
658,1015951282,2021-04-04T15:02:44Z
5511,1250906474,2024-10-13T07:39:18Z
1448,1236476081,2024-07-24T22:42:36Z
5120,1233931023,2024-07-11T17:34:32Z
2456,1096382488,2022-07-04T04:21:36Z
1431,956541747,2020-05-13T23:10:05Z
1209,1175406393,2023-09-14T20:29:49Z
3817,1165651271,2023-07-16T14:53:08Z
2336,1077573923,2022-03-17T01:08:46Z
1975,1031709996,2021-07-03T05:46:07Z
28763,988144018,2020-11-11T10:35:14Z
1518,971276454,2020-08-05T03:31:17Z
564,1059069860,2021-12-07T07:44:58Z
897,1104603731,2022-08-15T22:12:01Z
1443,1046885211,2021-09-27T22:18:19Z
1654,1046884124,2021-09-27T22:11:05Z
18376,1176389971,2023-09-21T12:13:58Z
7678,1031707676,2021-07-03T05:24:54Z
1663,1258348395,2024-11-19T05:21:27Z
2070,1253156005,2024-10-24T16:26:09Z
9568,1248415288,2024-09-29T11:21:31Z
1205,1250574442,2024-10-11T06:25:51Z
1586,1053194571,2021-11-02T13:43:30Z
40660,1088043210,2022-05-15T22:10:41Z
3096,961836271,2020-06-10T17:27:46Z
2180,1083725216,2022-04-20T09:25:21Z
805,1033501967,2021-07-14T02:33:49Z
1084,1010964695,2021-03-08T08:14:37Z
1477,1250503815,2024-10-10T20:27:50Z
888,996493566,2020-12-26T23:01:56Z
2993,1007265859,2021-02-17T06:19:08Z
1901,995760637,2020-12-22T19:22:13Z
3418,1251847879,2024-10-18T12:35:41Z
9592,1243687455,2024-09-02T21:44:16Z
593,1023074195,2021-05-14T06:23:12Z
521,1206315485,2024-02-11T20:38:49Z
317,1190659748,2023-12-19T04:08:35Z
931,998125241,2021-01-03T23:08:27Z
270,1177585938,2023-09-28T08:51:37Z
14254,1153462310,2023-05-06T14:27:17Z
2105,1091048600,2022-06-01T22:01:23Z
1704,1123192370,2022-11-22T12:41:16Z
1772,1096381860,2022-07-04T04:14:47Z
1506,1066189272,2022-01-17T06:15:33Z
706,1036951809,2021-08-03T17:13:28Z
1260,1250505786,2024-10-10T20:42:07Z
7694,1248424372,2024-09-29T12:45:04Z
2560,1246893869,2024-09-21T18:12:28Z
3242,1236263005,2024-07-23T19:16:52Z
4142,1011550535,2021-03-11T14:21:45Z
6687,970575358,2020-08-01T03:49:21Z
1752,1040783090,2021-08-26T16:55:25Z
3641,966362130,2020-07-06T17:45:53Z
524,1260141116,2024-11-29T03:01:15Z
2219,1258454242,2024-11-19T20:45:09Z
6973,1140571055,2023-02-20T18:04:52Z
13845,1096789068,2022-07-06T16:41:24Z
1204,1222344677,2024-05-05T13:37:53Z
26251,1080994125,2022-04-04T17:29:04Z
342,1146811175,2023-03-27T02:42:43Z
2370,1261622009,2024-12-07T01:18:57Z
1558,1243655495,2024-09-02T18:24:32Z
1018,1140659194,2023-02-21T03:44:06Z
1481,1020362512,2021-04-28T17:47:31Z
2841,1016459633,2021-04-07T08:48:42Z
797,1006934708,2021-02-15T16:43:29Z
5809,1247093773,2024-09-22T19:40:05Z
6102,1234637955,2024-07-15T10:52:04Z
66,1140658762,2023-02-21T03:40:16Z
2264,963943730,2020-06-22T17:56:44Z
2052,1079957820,2022-03-29T15:12:15Z
1692,1118575392,2022-10-27T19:33:07Z
1126,1049321420,2021-10-11T04:27:32Z
1963,964663276,2020-06-26T20:46:49Z
3395,1269123654,2025-01-13T04:15:57Z
9980,1253119553,2024-10-24T12:56:12Z
256,1158809719,2023-06-06T10:57:13Z
257,968035185,2020-07-16T20:34:59Z
704,958041524,2020-05-21T18:42:16Z
2121,1131243649,2023-01-03T06:46:29Z
1043,1071101053,2022-02-10T21:35:17Z
2830,1104607841,2022-08-15T22:40:00Z
4074,1154727152,2023-05-14T08:25:57Z
1639,1004673279,2021-02-03T20:19:32Z
248,995581439,2020-12-21T20:53:33Z
2878,1261308065,2024-12-05T12:03:48Z
4977,1258444978,2024-11-19T19:48:02Z
4252,1253768469,2024-10-27T19:55:23Z
68,1140658666,2023-02-21T03:39:29Z
1142,1020814511,2021-05-01T05:41:36Z
1264,998125919,2021-01-03T23:12:48Z
3745,1102130750,2022-08-03T14:19:05Z
1683,1075970330,2022-03-08T17:10:01Z
1470,1030391984,2021-06-25T16:57:48Z
6239,1012337193,2021-03-15T20:52:42Z
209,1019872735,2021-04-25T22:15:50Z
155,970994427,2020-08-03T15:49:27Z
604,1190666060,2023-12-19T05:01:36Z
688,1117841578,2022-10-23T21:34:54Z
857,1061904134,2021-12-24T19:31:52Z
3950,1117338211,2022-10-21T05:15:05Z
127,1062454385,2021-12-28T15:26:36Z
1025,1021154248,2021-05-03T05:52:39Z
1131,1191665078,2023-12-24T23:15:53Z
3122,1178427758,2023-10-03T16:17:03Z
6308,1080767285,2022-04-03T09:45:29Z
806,1043568082,2021-09-10T19:25:01Z
1481,1020951556,2021-05-02T01:16:15Z
5414,1009975667,2021-03-03T05:58:09Z
2408,1002078028,2021-01-22T19:06:11Z
3573,1258609651,2024-11-20T17:19:58Z
5144,1248420785,2024-09-29T12:13:01Z
3533,1241722672,2024-08-22T20:07:19Z
2554,1002078547,2021-01-22T19:09:28Z
193,995575569,2020-12-21T20:17:02Z
2256,994255307,2020-12-14T20:31:03Z
672,1009944015,2021-03-03T02:08:34Z
1797,1098827257,2022-07-17T17:48:10Z
551,1006199070,2021-02-11T16:08:09Z
466,986102174,2020-10-29T20:12:08Z
445,985697291,2020-10-27T12:27:02Z
2071,1081147971,2022-04-05T15:57:38Z
4074,1155253603,2023-05-17T10:34:49Z
1550,1080853696,2022-04-03T21:18:43Z
1594,1250161814,2024-10-08T20:32:37Z
731,1173274051,2023-09-01T11:33:46Z
3124,970321806,2020-07-30T16:36:07Z
1082,1072559627,2022-02-18T09:14:25Z
204,1079596012,2022-03-27T16:46:16Z
6007,1239831992,2024-08-11T20:38:33Z
700,994551634,2020-12-16T08:42:26Z
140,1177523189,2023-09-27T23:00:19Z
1459,1136027252,2023-01-28T08:57:40Z
1890,1047945715,2021-10-03T12:35:52Z
26790,1166005618,2023-07-18T20:16:39Z
16132,1144449337,2023-03-13T20:46:25Z
3798,1009948615,2021-03-03T02:37:22Z
2262,1268650209,2025-01-10T21:10:49Z
1579,1262115758,2024-12-09T18:08:21Z
6573,1258229602,2024-11-18T21:06:06Z
5953,1239833468,2024-08-11T20:50:48Z
1605,1065828260,2022-01-15T14:38:41Z
6843,958439729,2020-05-23T20:32:00Z
7754,1246548095,2024-09-19T16:35:21Z
1340,1240983402,2024-08-18T17:07:45Z
253,1174460611,2023-09-08T15:45:55Z
2575,1172109133,2023-08-25T01:00:44Z
2856,1017974610,2021-04-15T16:42:53Z
1596,1263957243,2024-12-19T15:58:59Z
1251,1237140084,2024-07-28T09:24:35Z
138,1233934150,2024-07-11T17:58:41Z
3349,1040781775,2021-08-26T16:45:13Z
3519,1114276299,2022-10-05T17:54:12Z
1579,1262077022,2024-12-09T13:51:26Z
2736,1247094049,2024-09-22T19:41:23Z
2594,1056503181,2021-11-22T05:09:42Z
3202,1082997449,2022-04-16T10:35:12Z
858,983845203,2020-10-16T15:53:28Z
212,1241954200,2024-08-24T03:59:13Z
1294,1185609310,2023-11-17T21:46:25Z
5056,970573470,2020-08-01T03:29:03Z
9097,965870414,2020-07-03T22:07:54Z
1345,1191518692,2023-12-24T01:28:39Z
1575,1008069029,2021-02-21T11:23:36Z
2521,966362278,2020-07-06T17:46:51Z
7389,1247556637,2024-09-24T20:44:52Z
1834,963943674,2020-06-22T17:56:15Z
1169,1193462765,2024-01-03T23:26:31Z
3776,1137435536,2023-02-04T17:23:44Z
1942,1083573820,2022-04-19T14:35:11Z
3155,1027768299,2021-06-09T21:59:22Z
741,1016952127,2021-04-09T23:31:17Z
1549,995755783,2020-12-22T18:51:22Z
18149,1247769267,2024-09-25T22:24:29Z
1126,1234643171,2024-07-15T11:42:42Z
7200,1016613461,2021-04-08T03:39:32Z
1418,961526354,2020-06-09T00:24:24Z
343,1247894771,2024-09-26T16:03:34Z
9915,1000022288,2021-01-13T03:53:34Z
13476,1166005574,2023-07-18T20:16:18Z
2217,1258449192,2024-11-19T20:13:09Z
6067,1258228620,2024-11-18T20:58:32Z
7037,1248466315,2024-09-29T17:36:34Z
4684,1241432827,2024-08-21T04:07:43Z
7394,1137189742,2023-02-03T08:09:26Z
363,1022037584,2021-05-08T02:18:57Z
7327,955877606,2020-05-10T08:54:55Z
1046,1109208234,2022-09-08T15:48:17Z
2978,1187457698,2023-11-29T10:30:27Z
2846,1250988601,2024-10-13T18:41:34Z
2093,1233941520,2024-07-11T18:50:55Z
3384,980140381,2020-09-24T20:45:55Z
3907,1027732400,2021-06-09T17:32:53Z
1174,1021267242,2021-05-03T19:53:28Z
1550,995760039,2020-12-22T19:18:38Z
3287,1258616781,2024-11-20T18:10:14Z
1411,1251678263,2024-10-17T12:55:23Z
3269,1248432513,2024-09-29T13:54:12Z
2550,1234924729,2024-07-16T20:53:27Z
2247,1233936243,2024-07-11T18:13:44Z
2726,1232818521,2024-07-05T19:21:57Z
2313,1180547748,2023-10-17T09:53:20Z
5266,1193468046,2024-01-04T00:02:54Z
4084,1208854899,2024-02-19T06:22:55Z
6266,1014089443,2021-03-25T03:06:22Z
996,1260641751,2024-12-01T21:41:44Z
1456,1250162084,2024-10-08T20:34:30Z
2273,1244927520,2024-09-10T00:39:02Z
1788,1234881688,2024-07-16T16:33:48Z
1687,1075980664,2022-03-08T18:28:42Z
12900,966581256,2020-07-07T22:42:47Z
609,1092044482,2022-06-07T22:03:40Z
3824,1087748940,2022-05-14T08:07:07Z
1371,1021548126,2021-05-05T09:32:06Z
2838,1233793691,2024-07-10T22:37:37Z
1443,1001943932,2021-01-22T02:42:19Z
1226,1212970621,2024-03-10T12:29:56Z
399,1164748089,2023-07-10T21:23:52Z
1156,1020550447,2021-04-29T18:05:19Z
695,991709795,2020-12-01T12:25:28Z
1422,1071903945,2022-02-14T23:53:53Z
1645,1044162299,2021-09-13T21:55:25Z
7647,1253155490,2024-10-24T16:23:21Z
5162,1249739360,2024-10-06T15:44:27Z
6033,1247095071,2024-09-22T19:46:59Z
885,1234875790,2024-07-16T15:59:13Z
4480,1234873617,2024-07-16T15:46:06Z
30770,1096239325,2022-07-03T05:53:56Z
706,994551356,2020-12-16T08:39:02Z
3139,1173340596,2023-09-01T20:33:34Z
1433,933686390,2020-01-02T13:44:16Z
5162,1262130880,2024-12-09T19:43:55Z
622,1254989300,2024-11-02T16:33:34Z
35,1140659154,2023-02-21T03:43:46Z
3661,992409353,2020-12-05T03:21:39Z
1409,954409049,2020-05-02T07:17:59Z
2689,1152319990,2023-04-29T14:28:13Z
958,1102174595,2022-08-03T19:08:04Z
193,1071903999,2022-02-14T23:54:16Z
659,1031715910,2021-07-03T06:33:05Z
129,1023182978,2021-05-14T21:36:27Z
3724,1012378339,2021-03-16T01:50:14Z
852,983849984,2020-10-16T16:30:17Z
3648,1234636918,2024-07-15T10:42:08Z
976,1020799800,2021-05-01T02:53:10Z
3017,1055600184,2021-11-16T19:51:53Z
1052,985784547,2020-10-27T22:57:54Z
5519,951932870,2020-04-19T17:42:42Z
1927,994416662,2020-12-15T16:40:13Z
4416,1238247423,2024-08-02T22:14:28Z
2592,1245657496,2024-09-14T09:42:56Z
1397,1103973134,2022-08-11T21:30:21Z
5697,1225410361,2024-05-24T08:23:26Z
2474,1081013705,2022-04-04T19:42:23Z
10081,960957453,2020-06-05T21:08:40Z
4584,1096974618,2022-07-07T21:50:48Z
6078,988278551,2020-11-12T05:45:00Z
1842,1253125408,2024-10-24T13:30:59Z
1671,1233931983,2024-07-11T17:42:01Z
7369,1215629046,2024-03-26T07:00:43Z
8389,988015541,2020-11-10T15:46:37Z
2217,1234637070,2024-07-15T10:43:33Z
7401,1255733454,2024-11-06T10:58:33Z
1598,1253123232,2024-10-24T13:18:45Z
92,955260559,2020-05-06T20:37:54Z
9773,1190469156,2023-12-18T02:13:12Z
441,1072626333,2022-02-18T17:03:05Z
4018,1154492180,2023-05-12T21:25:55Z
3045,1044068378,2021-09-13T11:48:19Z
1388,1032255184,2021-07-06T10:11:18Z
2397,1016853343,2021-04-09T12:22:49Z
1056,1253374587,2024-10-25T17:13:34Z
4088,1247129063,2024-09-22T23:39:24Z
171,1242263356,2024-08-25T21:27:22Z
222,1029120259,2021-06-18T01:24:44Z
6270,1094796993,2022-06-24T15:06:43Z
6955,1019253240,2021-04-22T09:26:21Z
1610,995937405,2020-12-23T17:50:00Z
193,995423186,2020-12-20T23:31:45Z
6122,1259599843,2024-11-26T01:02:24Z
1173,1237159098,2024-07-28T12:01:30Z
12162,1234928051,2024-07-16T21:15:57Z
9007,1111411726,2022-09-20T21:28:43Z
2127,1046090975,2021-09-23T22:40:04Z
2318,1244982466,2024-09-10T09:54:18Z
1656,1074795893,2022-03-02T06:31:51Z
3364,1015928628,2021-04-04T11:30:40Z
1707,1251713634,2024-10-17T17:18:36Z
6530,1247743653,2024-09-25T19:27:18Z
4620,1235888298,2024-07-21T19:07:15Z
3601,1245657204,2024-09-14T09:38:44Z
1278,1154350329,2023-05-11T22:01:11Z
940,1045426210,2021-09-20T14:38:45Z
887,1031692236,2021-07-03T03:08:52Z
1428,965099772,2020-06-29T11:47:01Z
783,998497550,2021-01-05T17:14:45Z
11182,1139319933,2023-02-14T14:21:18Z
3270,1088491166,2022-05-18T09:39:35Z
2295,1076235946,2022-03-10T02:11:32Z
2978,994206400,2020-12-14T16:24:46Z
1101,1247814929,2024-09-26T04:34:52Z
119,985585111,2020-10-26T19:34:48Z
1048,1049321374,2021-10-11T04:27:05Z
851,983180791,2020-10-12T18:38:03Z
1126,1258446427,2024-11-19T19:56:16Z
867,1253122545,2024-10-24T13:14:28Z
2824,1250899153,2024-10-13T06:27:36Z
1563,1245847594,2024-09-15T14:16:40Z
68,1140654750,2023-02-21T03:05:41Z
3673,993085196,2020-12-08T18:30:03Z
1276,963947265,2020-06-22T18:21:55Z
1409,989162235,2020-11-17T11:58:42Z
2846,1006895010,2021-02-15T11:20:33Z
6012,1253770348,2024-10-27T20:07:04Z
2907,1250903530,2024-10-13T07:10:04Z
1410,1247545953,2024-09-24T19:46:19Z
619,1095923262,2022-07-01T06:41:53Z
5682,1081678444,2022-04-08T23:19:22Z
17433,984966483,2020-10-23T04:37:59Z
2114,1116223527,2022-10-15T13:24:02Z
2398,1000062690,2021-01-13T10:51:37Z
1937,994256202,2020-12-14T20:35:24Z
1876,994253671,2020-12-14T20:23:12Z
522,1250173354,2024-10-08T22:08:07Z
4678,1247542872,2024-09-24T19:29:04Z
164,1030095690,2021-06-23T21:05:53Z
2707,1222344712,2024-05-05T13:38:17Z
3817,1103436059,2022-08-09T17:33:14Z
2620,1208854955,2024-02-19T06:23:22Z
5934,1045072651,2021-09-18T16:58:32Z
7340,1251668267,2024-10-17T11:19:19Z
453,1234874808,2024-07-16T15:53:22Z
4257,993247064,2020-12-09T16:09:56Z
68009,1122797966,2022-11-19T20:23:26Z
2530,1098828858,2022-07-17T17:56:31Z
8798,1095039472,2022-06-26T01:35:19Z
494,983078999,2020-10-12T03:24:35Z
2370,1262069551,2024-12-09T12:41:04Z
7099,1248459319,2024-09-29T16:45:42Z
4702,1233933605,2024-07-11T17:54:39Z
4141,1233931732,2024-07-11T17:40:08Z
573,1218399757,2024-04-11T14:15:31Z
1132,1169721213,2023-08-10T21:29:18Z
1556,1047904853,2021-10-03T05:45:03Z
105,1079958251,2022-03-29T15:15:02Z
3746,1031692409,2021-07-03T03:10:31Z
2205,1248451383,2024-09-29T15:53:06Z
2631,1241722133,2024-08-22T20:03:48Z
3454,1235889505,2024-07-21T19:14:28Z
18529,1130375160,2022-12-29T21:36:45Z
1229,1073951932,2022-02-25T15:42:53Z
4018,1080847178,2022-04-03T20:28:10Z
5751,1031696703,2021-07-03T03:52:11Z
4396,1251669393,2024-10-17T11:34:18Z
6079,1249851275,2024-10-07T05:11:36Z
5489,1247747382,2024-09-25T19:52:18Z
5988,970398092,2020-07-31T02:08:25Z
781,1190674527,2023-12-19T05:49:02Z
5778,1069712831,2022-02-03T18:02:51Z
2620,1157413057,2023-05-28T12:27:00Z
677,1032255249,2021-07-06T10:11:56Z
14657,1239388436,2024-08-09T00:30:42Z
1206,1234877384,2024-07-16T16:07:59Z
211,1000532835,2021-01-15T14:19:07Z
2205,1137434689,2023-02-04T17:18:25Z
984,1112466009,2022-09-26T13:10:26Z
1510,1109281216,2022-09-09T00:31:05Z
4183,1087726986,2022-05-14T04:42:21Z
3168,1151018654,2023-04-21T12:01:43Z
3711,1012096921,2021-03-14T15:58:42Z
6001,1260093763,2024-11-28T20:15:23Z
2189,1247100488,2024-09-22T20:20:20Z
3251,1247086526,2024-09-22T19:01:07Z
3704,1000631245,2021-01-16T00:08:16Z
906,966543523,2020-07-07T17:56:21Z
1024,1223088663,2024-05-09T20:31:17Z
4058,1158009338,2023-06-01T11:39:06Z
4270,1090238300,2022-05-28T08:47:21Z
6073,1258622767,2024-11-20T18:47:36Z
4715,1258221200,2024-11-18T20:12:55Z
6255,1242362439,2024-08-26T13:27:46Z
5959,1239832168,2024-08-11T20:40:23Z
4643,1239627886,2024-08-10T14:28:02Z
4610,1011576261,2021-03-11T17:15:58Z
5989,970593175,2020-08-01T07:28:07Z
749,1184439995,2023-11-10T11:58:58Z
1176,1160072442,2023-06-14T07:41:36Z
2188,1154592738,2023-05-13T13:21:10Z
1004,1031692320,2021-07-03T03:09:36Z
1084,1012938164,2021-03-19T04:09:40Z
2018,1258227111,2024-11-18T20:47:49Z
2589,1250988942,2024-10-13T18:44:04Z
1510,1250903773,2024-10-13T07:11:35Z
6141,1248280656,2024-09-28T16:58:20Z
236,1245063272,2024-09-10T20:19:01Z
219,1096193300,2022-07-02T23:11:45Z
6465,1095923484,2022-07-01T06:45:03Z
639,1029221029,2021-06-18T16:19:37Z
692,994551719,2020-12-16T08:43:16Z
3326,1136404584,2023-01-30T04:31:24Z
2490,1094193326,2022-06-21T07:43:38Z
1298,1087790970,2022-05-14T15:06:35Z
184,985346598,2020-10-25T12:29:29Z
285,1250505349,2024-10-10T20:38:54Z
2422,993249427,2020-12-09T16:27:34Z
1605,957435105,2020-05-18T20:55:33Z
11645,996683980,2020-12-28T02:07:23Z
2349,1251877351,2024-10-18T16:00:41Z
2262,1233946159,2024-07-11T19:23:15Z
8274,1166005712,2023-07-18T20:17:03Z
3922,1155254302,2023-05-17T10:39:31Z
2158,1154727130,2023-05-14T08:25:31Z
598,1076886235,2022-03-13T12:59:53Z
1550,995760270,2020-12-22T19:20:03Z
5024,988169703,2020-11-11T14:59:46Z
1428,963646193,2020-06-21T00:00:13Z
1579,1262051629,2024-12-09T09:43:57Z
2775,1247094849,2024-09-22T19:45:31Z
1434,1235895127,2024-07-21T19:47:09Z
8503,1235891544,2024-07-21T19:25:20Z
2224,1193518699,2024-01-04T06:30:15Z
189,1158795375,2023-06-06T08:17:24Z
803,955743205,2020-05-09T15:08:26Z
995,1190562296,2023-12-18T16:07:10Z
10486,960956919,2020-06-05T21:04:49Z
4164,1200336370,2024-01-29T08:17:35Z
2020,1258227303,2024-11-18T20:49:26Z
5272,1251677357,2024-10-17T12:47:24Z
4991,1248465833,2024-09-29T17:32:57Z
7428,1247557379,2024-09-24T20:49:13Z
2907,1241798065,2024-08-23T05:50:41Z
4134,1009944184,2021-03-03T02:09:31Z
1208,1219235246,2024-04-16T14:45:01Z
1795,1098827329,2022-07-17T17:48:34Z
5075,1020550649,2021-04-29T18:06:35Z
3481,1031484714,2021-07-01T21:58:47Z
1478,1025549447,2021-05-28T05:36:08Z
20668,1021548862,2021-05-05T09:40:24Z
2768,1009798423,2021-03-02T10:11:45Z
1486,997398848,2020-12-31T09:01:46Z
1070,1233930306,2024-07-11T17:29:10Z
3411,985115217,2020-10-24T01:35:45Z
3435,1244856641,2024-09-09T16:19:36Z
1330,1237139635,2024-07-28T09:20:17Z
1480,978593868,2020-09-15T20:55:02Z
889,1053193288,2021-11-02T13:33:42Z
812,1034394246,2021-07-19T16:18:18Z
45989,1261533154,2024-12-06T16:20:47Z
1658,1251715099,2024-10-17T17:28:01Z
6555,1247741975,2024-09-25T19:16:42Z
10322,1247546430,2024-09-24T19:49:03Z
1205,1247546252,2024-09-24T19:48:05Z
7117,1247087469,2024-09-22T19:06:39Z
4537,1233946048,2024-07-11T19:22:36Z
2083,1078656280,2022-03-22T17:29:15Z
5980,970593085,2020-08-01T07:27:01Z
824,957447929,2020-05-18T22:21:43Z
1098,1193463639,2024-01-03T23:32:15Z
18349,1081176007,2022-04-05T19:17:40Z
2870,1016598886,2021-04-08T01:25:51Z
2666,997398889,2020-12-31T09:02:04Z
4277,1253766604,2024-10-27T19:43:58Z
9106,1251670377,2024-10-17T11:43:56Z
180,1247815111,2024-09-26T04:37:08Z
20762,1239395195,2024-08-09T01:33:42Z
2765,1233814743,2024-07-11T01:17:50Z
897,1023962097,2021-05-19T09:42:35Z
150,1003423997,2021-01-28T22:43:19Z
1040,1055718726,2021-11-17T12:01:11Z
1759,994245271,2020-12-14T19:44:05Z
4994,1258222093,2024-11-18T20:17:40Z
7679,1248428159,2024-09-29T13:19:46Z
861,1244091974,2024-09-05T00:18:07Z
6058,1087491255,2022-05-12T19:56:33Z
2512,966550452,2020-07-07T18:46:35Z
1012,953580781,2020-04-27T23:43:46Z
2096,1079953333,2022-03-29T14:45:26Z
16198,1113711837,2022-10-02T22:18:54Z
426,1100823515,2022-07-27T22:11:28Z
1898,1250900609,2024-10-13T06:44:51Z
6106,1248466062,2024-09-29T17:34:36Z
13580,1248460588,2024-09-29T16:53:27Z
7313,1158809802,2023-06-06T10:58:18Z
5419,993056764,2020-12-08T15:50:00Z
840,980137481,2020-09-24T20:25:00Z
555,970238212,2020-07-30T03:14:41Z
198,958276593,2020-05-22T21:49:42Z
1515,1064785843,2022-01-10T05:50:17Z
698,994551991,2020-12-16T08:46:27Z
2670,1104608007,2022-08-15T22:40:58Z
900,1037028241,2021-08-04T03:24:19Z
1549,995759958,2020-12-22T19:18:09Z
2496,1260821314,2024-12-02T20:21:30Z
3443,1258606535,2024-11-20T17:00:22Z
2581,1258224043,2024-11-18T20:27:07Z
3515,1250898459,2024-10-13T06:18:21Z
829,1233042351,2024-07-06T23:51:13Z
8320,983952296,2020-10-17T07:31:11Z
964,1015928307,2021-04-04T11:27:20Z
2132,1006894608,2021-02-15T11:16:12Z
2842,970311106,2020-07-30T15:19:14Z
4746,1249683613,2024-10-06T07:54:09Z
3595,1190461875,2023-12-18T01:23:44Z
1532,1081183002,2022-04-05T20:16:08Z
2098,1076965646,2022-03-13T22:24:32Z
1296,994241091,2020-12-14T19:24:40Z
4443,1250172983,2024-10-08T22:04:14Z
9206,1247543325,2024-09-24T19:31:32Z
7340,1215630554,2024-03-26T07:08:20Z
72,1075955515,2022-03-08T15:31:52Z
2651,1246543034,2024-09-19T15:52:27Z
19241,1055260961,2021-11-14T21:08:03Z
241,1104628796,2022-08-16T01:22:40Z
3228,1081012717,2022-04-04T19:34:47Z
18176,1020952310,2021-05-02T01:25:09Z
1724,994245915,2020-12-14T19:46:59Z
359,1048202042,2021-10-04T19:43:18Z
864,1048910961,2021-10-08T18:01:28Z
2126,1258460852,2024-11-19T21:31:47Z
762,1238389746,2024-08-03T16:51:37Z
6571,1095517402,2022-06-28T20:22:52Z
5199,1021711318,2021-05-06T07:46:07Z
297,1004828343,2021-02-04T16:20:18Z
2988,1211545808,2024-03-03T03:15:53Z
50532,960372187,2020-06-02T16:06:44Z
6145,1248462276,2024-09-29T17:05:00Z
486,993056649,2020-12-08T15:49:15Z
449,991809518,2020-12-01T22:54:50Z
1169,1193463200,2024-01-03T23:29:31Z
477,1038482200,2021-08-12T20:27:57Z
2530,1003800001,2021-01-30T19:12:42Z
3487,1225407955,2024-05-24T07:52:13Z
4058,1158981460,2023-06-07T13:20:09Z
5921,1027768370,2021-06-09T21:59:52Z
2771,1009798559,2021-03-02T10:12:17Z
6626,1253150241,2024-10-24T15:53:25Z
3102,1251671203,2024-10-17T11:53:34Z
181,1234929443,2024-07-16T21:27:07Z
5019,966261401,2020-07-06T02:18:41Z
1262,989600903,2020-11-19T22:58:56Z
9771,1083576315,2022-04-19T14:52:17Z
9697,1258455366,2024-11-19T20:52:05Z
12616,1247553490,2024-09-24T20:27:16Z
5817,1237166873,2024-07-28T13:00:14Z
77,1023074067,2021-05-14T06:21:13Z
1848,963948113,2020-06-22T18:28:21Z
1999,1016644286,2021-04-08T09:18:09Z
1550,995760434,2020-12-22T19:21:00Z
8363,1247547609,2024-09-24T19:54:57Z
4011,1235923082,2024-07-21T22:46:27Z
832,1020997142,2021-05-02T09:20:52Z
610,993098108,2020-12-08T19:47:36Z
1109,1138459901,2023-02-09T20:28:39Z
5585,1069712778,2022-02-03T18:02:29Z
105,1080110360,2022-03-30T10:21:43Z
1532,949153916,2020-04-04T23:23:00Z
6088,1189434820,2023-12-11T20:29:41Z
4270,1089408517,2022-05-23T16:34:16Z
6082,1080767223,2022-04-03T09:44:58Z
3138,1258433161,2024-11-19T18:28:20Z
3108,1251673069,2024-10-17T12:10:34Z
655,1211862894,2024-03-04T21:53:19Z
4059,1039480226,2021-08-18T23:57:18Z
228,990957318,2020-11-27T13:58:35Z
3074,1080727241,2022-04-03T02:12:00Z
2048,1094194493,2022-06-21T07:52:46Z
1994,1031709281,2021-07-03T05:38:33Z
1332,1258216996,2024-11-18T19:53:52Z
12201,1234927725,2024-07-16T21:13:46Z
3149,1233943772,2024-07-11T19:06:27Z
153,957566261,2020-05-19T13:37:54Z
3135,1018007472,2021-04-15T20:06:17Z
5493,1258450290,2024-11-19T20:20:12Z
5047,1235236367,2024-07-18T09:19:40Z
176,1233933518,2024-07-11T17:53:57Z
253,1255443766,2024-11-05T00:07:13Z
733,1207603531,2024-02-15T06:41:58Z
3063,1002673153,2021-01-25T15:36:21Z
3538,959721621,2020-05-30T08:02:31Z
7639,1031708887,2021-07-03T05:34:07Z
2782,1009016472,2021-02-26T07:51:18Z
6745,1253362062,2024-10-25T15:52:35Z
1218,1252063558,2024-10-19T16:06:12Z
1450,1250506373,2024-10-10T20:46:25Z
5488,1232813575,2024-07-05T18:50:32Z
895,1020799677,2021-05-01T02:51:34Z
2797,1080168213,2022-03-30T17:28:55Z
3382,960254966,2020-06-01T23:48:01Z
706,1035982111,2021-07-28T19:55:50Z
799,1033506019,2021-07-14T03:14:41Z
2916,1009798676,2021-03-02T10:12:47Z
2632,954083838,2020-04-30T16:02:11Z
2805,1247557027,2024-09-24T20:47:02Z
3026,1247097106,2024-09-22T19:59:01Z
4309,1247087878,2024-09-22T19:09:21Z
2410,1234638794,2024-07-15T10:59:57Z
253,1214479204,2024-03-19T05:48:24Z
452,1213161170,2024-03-11T12:26:44Z
6285,1135475577,2023-01-24T22:17:39Z
2128,1016018706,2021-04-04T23:26:47Z
2097,1250162706,2024-10-08T20:38:23Z
6688,1247096909,2024-09-22T19:58:11Z
3490,1244929706,2024-09-10T00:57:46Z
5959,1241358062,2024-08-20T18:36:46Z
1624,1237139873,2024-07-28T09:22:40Z
2185,1233941044,2024-07-11T18:47:36Z
8304,960095571,2020-06-01T03:12:30Z
29850,1158981511,2023-06-07T13:20:36Z
1486,997276960,2020-12-30T20:02:35Z
2531,1239865953,2024-08-12T01:56:03Z
2291,1177673197,2023-09-28T21:04:44Z
4004,1107669473,2022-08-31T06:46:27Z
1469,1024143208,2021-05-20T10:49:23Z
852,984352393,2020-10-19T17:35:07Z
1925,1268649893,2025-01-10T21:09:08Z
4399,1237141359,2024-07-28T09:36:44Z
177,1233223203,2024-07-07T23:12:28Z
142,966543454,2020-07-07T17:55:54Z
561,1015416351,2021-04-01T10:28:55Z
578,995687261,2020-12-22T10:10:02Z
1356,1080335919,2022-03-31T17:04:57Z
6098,1151434420,2023-04-24T01:26:17Z
1654,1015644210,2021-04-02T17:18:17Z
3434,1244092327,2024-09-05T00:21:04Z
2920,1234638229,2024-07-15T10:54:36Z
1398,1243973567,2024-09-04T11:32:46Z
1447,966271887,2020-07-06T04:09:43Z
2370,1262060925,2024-12-09T11:07:36Z
11395,1258435332,2024-11-19T18:44:33Z
1653,1250764839,2024-10-12T11:30:49Z
4722,1248416352,2024-09-29T11:32:17Z
9353,1247737780,2024-09-25T18:46:58Z
1452,1178572059,2023-10-04T14:24:39Z
891,952492454,2020-04-22T14:34:47Z
525,1246548654,2024-09-19T16:40:27Z
7598,1151637066,2023-04-25T08:02:52Z
294,1076886807,2022-03-13T13:03:49Z
3609,1005366917,2021-02-07T09:01:49Z
1755,994245985,2020-12-14T19:47:23Z
3424,953901137,2020-04-29T17:04:44Z
743,1111200749,2022-09-19T20:39:45Z
2982,1122727081,2022-11-19T08:33:27Z
1712,1177732218,2023-09-29T07:20:17Z
198,1074705615,2022-03-01T18:25:50Z
183,1069499669,2022-02-02T16:36:40Z
3813,1266328612,2024-12-31T03:17:01Z
6133,1242111089,2024-08-25T01:55:00Z
3277,1237140762,2024-07-28T09:30:56Z
500,1248102692,2024-09-27T17:17:38Z
1839,1246547488,2024-09-19T16:30:02Z
3942,1146793935,2023-03-27T00:26:40Z
1314,1031484023,2021-07-01T21:53:06Z
8933,1221177866,2024-04-28T09:55:25Z
1088,1159585477,2023-06-11T07:51:26Z
975,1113116799,2022-09-29T21:00:06Z
13339,1014847048,2021-03-29T12:20:20Z
3383,1258613887,2024-11-20T17:49:15Z
2101,1234643844,2024-07-15T11:49:10Z
1826,1078656059,2022-03-22T17:27:56Z
286,1118751838,2022-10-28T17:29:08Z
1936,1064642481,2022-01-09T12:54:49Z
3851,1104611118,2022-08-15T23:01:50Z
2506,946333703,2020-03-19T14:47:28Z
2846,1006914259,2021-02-15T14:17:15Z
1631,1250336442,2024-10-09T20:34:29Z
8726,1217289334,2024-04-04T23:14:31Z
631,1007518161,2021-02-18T15:23:31Z
1402,955400782,2020-05-07T16:12:27Z
2662,1083719891,2022-04-20T08:29:06Z
4154,1081927600,2022-04-10T13:39:50Z
1724,1258604607,2024-11-20T16:48:32Z
2764,1253123695,2024-10-24T13:21:33Z
127,1250504461,2024-10-10T20:32:36Z
7658,1235809569,2024-07-21T10:02:51Z
2033,1233935906,2024-07-11T18:11:02Z
2085,1102131465,2022-08-03T14:24:03Z
29491,960955653,2020-06-05T20:55:19Z
5843,1031699091,2021-07-03T04:09:26Z
1110,1251846787,2024-10-18T12:25:24Z
17284,1154592876,2023-05-13T13:22:23Z
3172,1252063422,2024-10-19T16:05:15Z
6135,1248281250,2024-09-28T17:02:46Z
1053,1244927080,2024-09-10T00:35:25Z
25867,985752343,2020-10-27T19:20:14Z
100,970810271,2020-08-02T15:08:24Z
1393,970607584,2020-08-01T09:49:08Z
2962,1175930022,2023-09-18T10:13:00Z
4987,1121894045,2022-11-14T18:38:54Z
448,1134871284,2023-01-21T04:24:49Z
75042,1116158199,2022-10-15T03:43:32Z
4037,1009955569,2021-03-03T03:17:52Z
9424,1237906050,2024-08-01T02:45:40Z
4270,1003541574,2021-01-29T14:06:37Z
10441,1190871465,2023-12-20T09:19:29Z
1452,1087518974,2022-05-12T23:25:56Z
1667,1104610326,2022-08-15T22:55:44Z
7636,949161090,2020-04-05T00:08:25Z
3712,1217578425,2024-04-06T17:29:19Z
5790,1258229322,2024-11-18T21:03:41Z
1671,1252067654,2024-10-19T16:33:37Z
170,1149421710,2023-04-12T03:59:39Z
691,1096019839,2022-07-01T19:44:22Z
3032,993294472,2020-12-09T21:35:56Z
706,1035989043,2021-07-28T20:42:32Z
13841,1215634091,2024-03-26T07:55:05Z
586,1197676026,2024-01-21T13:56:00Z
464,1119974134,2022-11-04T12:04:09Z
2417,1104604474,2022-08-15T22:17:59Z
2536,946373083,2020-03-19T19:21:53Z
4028,1151513340,2023-04-24T14:49:15Z
1972,1140371171,2023-02-19T20:18:30Z
6266,1014016709,2021-03-24T18:26:50Z
1416,1166865958,2023-07-24T06:51:43Z
5696,1048196716,2021-10-04T19:15:32Z
915,1053193934,2021-11-02T13:38:23Z
1964,960958270,2020-06-05T21:14:33Z
915,1016928773,2021-04-09T20:31:37Z
2262,1269123304,2025-01-13T04:13:39Z
3777,1258446321,2024-11-19T19:55:41Z
4481,1251668857,2024-10-17T11:27:21Z
375,992950107,2020-12-08T00:12:38Z
3446,994552293,2020-12-16T08:50:01Z
6381,1208179477,2024-02-16T18:00:45Z
12003,1177663105,2023-09-28T19:39:11Z
41162,959696345,2020-05-30T04:04:27Z
4476,1231005851,2024-06-25T22:44:41Z
3166,1178427415,2023-10-03T16:14:13Z
2030,1154594804,2023-05-13T13:38:48Z
2624,999995122,2021-01-13T00:32:17Z
3519,1023964418,2021-05-19T10:04:32Z
383,966539986,2020-07-07T17:31:38Z
520,1247201126,2024-09-23T08:02:56Z
2357,1020584829,2021-04-29T21:58:35Z
1590,1048917431,2021-10-08T18:50:44Z
4280,1009980891,2021-03-03T06:49:28Z
2301,994254350,2020-12-14T20:26:28Z
2050,1252068010,2024-10-19T16:35:58Z
169,952863754,2020-04-24T13:02:51Z
755,1235356334,2024-07-18T21:37:33Z
2207,1116281368,2022-10-15T19:52:17Z
1112,982903516,2020-10-11T02:16:47Z
1851,1104603823,2022-08-15T22:12:55Z
2378,1251847960,2024-10-18T12:36:35Z
3175,1247754617,2024-09-25T20:39:41Z
940,1214478645,2024-03-19T05:40:10Z
386,1121548990,2022-11-12T22:01:09Z
1635,1090968230,2022-06-01T12:36:30Z
168,1018034458,2021-04-15T23:23:09Z
2898,1146794267,2023-03-27T00:29:17Z
750,1077470432,2022-03-16T14:11:49Z
6001,1260259197,2024-11-29T19:44:29Z
180,1034936074,2021-07-22T17:26:10Z
370,1138446481,2023-02-09T19:07:28Z
913,1116268146,2022-10-15T18:25:36Z
3083,1091084985,2022-06-02T03:08:01Z
11486,1229422895,2024-06-16T18:44:39Z
5839,1234925407,2024-07-16T20:58:09Z
103,958041207,2020-05-21T18:40:36Z
682,954334522,2020-05-01T21:59:47Z
189,1177537019,2023-09-28T01:01:10Z
5672,1208990129,2024-02-19T20:25:15Z
3292,1189455629,2023-12-11T23:19:09Z
3696,1154592563,2023-05-13T13:19:50Z
129,1060476259,2021-12-15T19:33:58Z
129,1023673319,2021-05-17T18:04:21Z
6198,1248280169,2024-09-28T16:54:53Z
4146,1190434201,2023-12-17T21:54:07Z
4254,962981968,2020-06-17T03:08:47Z
4772,959695964,2020-05-30T03:59:58Z
596,1050279093,2021-10-16T21:40:15Z
3045,1044160002,2021-09-13T21:39:05Z
1373,1250762539,2024-10-12T11:06:20Z
6151,1248464379,2024-09-29T17:22:09Z
1422,955252873,2020-05-06T19:44:54Z
2746,1246544097,2024-09-19T16:01:17Z
2164,1150447519,2023-04-18T07:11:46Z
2594,1059060470,2021-12-07T05:43:43Z
2926,1178427615,2023-10-03T16:15:51Z
6560,1105922036,2022-08-22T11:21:08Z
130,1046970355,2021-09-28T10:39:50Z
2115,1009962124,2021-03-03T04:01:39Z
852,984352693,2020-10-19T17:37:00Z
6012,1252717222,2024-10-22T17:07:28Z
1280,1252058798,2024-10-19T15:33:26Z
132,1123339987,2022-11-23T06:20:45Z
1956,966693719,2020-07-08T16:24:22Z
577,1089176863,2022-05-22T09:48:12Z
2196,1154726831,2023-05-14T08:21:26Z
5778,1146794327,2023-03-27T00:29:51Z
915,1049315385,2021-10-11T03:40:33Z
6002,1268014640,2025-01-07T19:55:40Z
448,1135461445,2023-01-24T20:29:49Z
1464,1006171869,2021-02-11T13:14:05Z
5909,1248629957,2024-09-30T16:26:18Z
4449,1241954095,2024-08-24T03:57:53Z
2466,1214611254,2024-03-20T01:04:36Z
1031,1173192902,2023-08-31T21:33:11Z
385,1003459304,2021-01-29T02:15:40Z
8901,999766354,2021-01-11T21:20:32Z
7476,988170841,2020-11-11T15:10:10Z
5999,1233930187,2024-07-11T17:28:22Z
2433,1233373400,2024-07-08T19:03:23Z
894,967734753,2020-07-15T00:03:13Z
4981,1262241967,2024-12-10T10:56:06Z
4085,1002905773,2021-01-26T15:47:59Z
520,1165073998,2023-07-12T21:07:14Z
1472,980635182,2020-09-27T16:21:14Z
9399,1011550610,2021-03-11T14:22:16Z
6069,966675820,2020-07-08T14:05:28Z
125,969822141,2020-07-27T16:08:58Z
7395,1012161602,2021-03-14T23:08:23Z
1343,996010743,2020-12-24T01:31:27Z
1955,1254638878,2024-10-31T23:35:06Z
1568,1250900722,2024-10-13T06:46:05Z
4436,1232816471,2024-07-05T19:07:53Z
6039,970400441,2020-07-31T02:32:04Z
2098,1080130373,2022-03-30T13:22:50Z
1666,1045445081,2021-09-20T16:27:24Z
45736,1263955945,2024-12-19T15:49:27Z
3540,1258623525,2024-11-20T18:51:45Z
13712,1247558520,2024-09-24T20:55:23Z
4424,1235236527,2024-07-18T09:20:56Z
1190,1190220261,2023-12-16T17:05:46Z
147,1076044937,2022-03-09T03:11:32Z
3532,1102174347,2022-08-03T19:06:26Z
2083,969822388,2020-07-27T16:10:36Z
53148,1167986380,2023-07-31T02:28:30Z
13177,996884278,2020-12-29T01:48:05Z
5117,1258220336,2024-11-18T20:08:52Z
181,1234929888,2024-07-16T21:30:35Z
11767,970811870,2020-08-02T15:21:14Z
10094,970379182,2020-07-30T23:25:42Z
141,1248109251,2024-09-27T18:06:04Z
2979,1207739200,2024-02-15T16:00:27Z
213,1175421022,2023-09-14T22:31:47Z
1190,1040832385,2021-08-26T23:13:34Z
900,1165379120,2023-07-14T20:15:36Z
3748,1210589377,2024-02-27T10:28:05Z
8004,1081936477,2022-04-10T14:44:06Z
169,1265979129,2024-12-29T14:36:00Z
7284,1240163438,2024-08-13T22:12:08Z
683,1258507860,2024-11-20T03:28:48Z
106,1055259650,2021-11-14T20:58:14Z
896,998125083,2021-01-03T23:07:22Z
4284,969818265,2020-07-27T15:48:37Z
1040,1016927436,2021-04-09T20:23:16Z
9098,1248424514,2024-09-29T12:46:24Z
1472,1234927457,2024-07-16T21:11:45Z
4952,988236559,2020-11-11T22:51:19Z
17693,955768053,2020-05-09T18:03:00Z
1958,1190691693,2023-12-19T08:05:48Z
155,1137448404,2023-02-04T18:43:24Z
29728,960900529,2020-06-05T14:31:44Z
3334,1088507667,2022-05-18T12:26:19Z
1580,1258617512,2024-11-20T18:15:49Z
5628,1258220698,2024-11-18T20:10:31Z
1955,1254988975,2024-11-02T16:32:10Z
2644,1190662502,2023-12-19T04:37:19Z
26912,1178423043,2023-10-03T15:38:31Z
2983,1004659042,2021-02-03T18:50:52Z
2407,1244200703,2024-09-05T16:47:56Z
3968,1237166061,2024-07-28T12:54:17Z
1889,1234640149,2024-07-15T11:12:54Z
87,1197677646,2024-01-21T14:04:59Z
751,1023961714,2021-05-19T09:38:20Z
1192,1188875346,2023-12-08T06:12:09Z
1668,1045456435,2021-09-20T17:28:46Z
7179,1027732247,2021-06-09T17:31:38Z
4316,1263958409,2024-12-19T16:06:25Z
6761,1251876357,2024-10-18T15:55:12Z
13841,1215632548,2024-03-26T07:35:44Z
2572,955265183,2020-05-06T21:06:51Z
1287,953137795,2020-04-25T21:55:25Z
2982,1121165421,2022-11-10T21:21:33Z
1145,1020549889,2021-04-29T18:02:15Z
6972,1146793510,2023-03-27T00:23:31Z
6034,1239831451,2024-08-11T20:33:52Z
3782,1235170536,2024-07-18T00:47:55Z
141,1187883948,2023-12-02T01:24:44Z
138,1177732079,2023-09-29T07:18:56Z
1813,994243359,2020-12-14T19:34:56Z
638,956184100,2020-05-11T23:31:31Z
707,1258617333,2024-11-20T18:14:39Z
6012,1250008623,2024-10-08T00:13:27Z
262,1248641419,2024-09-30T17:30:42Z
5971,970592427,2020-08-01T07:18:22Z
2612,968793705,2020-07-21T15:04:46Z
2589,1246541997,2024-09-19T15:43:04Z
3601,1244253162,2024-09-05T23:31:00Z
1796,1190689786,2023-12-19T07:46:34Z
1337,1068286599,2022-01-27T16:14:00Z
668,1032028304,2021-07-05T04:18:53Z
1480,972184600,2020-08-10T17:14:25Z
3916,1137307015,2023-02-03T23:32:49Z
706,1036208479,2021-07-30T04:43:07Z
7125,1241216866,2024-08-20T00:22:14Z
1707,1214479722,2024-03-19T05:56:36Z
7006,1140624162,2023-02-20T23:56:22Z
5247,1025732720,2021-05-29T06:53:06Z
689,1018971117,2021-04-20T20:58:39Z
15099,991275594,2020-11-29T05:55:31Z
5644,1185348536,2023-11-16T04:07:26Z
11486,1230956201,2024-06-25T16:53:16Z
852,983845461,2020-10-16T15:55:23Z
187,1025653183,2021-05-28T19:09:58Z
1484,955253628,2020-05-06T19:49:38Z
973,952498965,2020-04-22T15:19:40Z
12539,1048847015,2021-10-08T09:49:02Z
17822,1075877883,2022-03-08T04:56:17Z
13076,1065304596,2022-01-12T21:34:03Z
8469,1248461993,2024-09-29T17:03:11Z
5199,1022037393,2021-05-08T02:17:23Z
15198,986954104,2020-11-03T23:39:02Z
5877,1246546192,2024-09-19T16:18:59Z
1044,989164847,2020-11-17T12:28:38Z
2987,962981925,2020-06-17T03:08:19Z
3159,1261530922,2024-12-06T16:08:46Z
643,1246393234,2024-09-18T17:43:05Z
1897,1233933984,2024-07-11T17:57:19Z
682,1021094664,2021-05-02T21:40:49Z
84,963967680,2020-06-22T20:41:12Z
2218,952944127,2020-04-24T22:00:29Z
3188,1083339842,2022-04-18T09:16:29Z
391,1029114661,2021-06-18T00:32:33Z
1340,1187159797,2023-11-27T21:02:03Z
4668,1098335976,2022-07-15T09:49:21Z
2692,1088515140,2022-05-18T13:36:42Z
1749,994243156,2020-12-14T19:34:04Z
6051,1249743431,2024-10-06T16:12:47Z
4684,1248419391,2024-09-29T12:00:13Z
354,955242681,2020-05-06T18:42:14Z
2114,1146926020,2023-03-27T20:06:55Z
204,1088429310,2022-05-17T23:46:57Z
2522,945171453,2020-03-12T07:09:00Z
5814,1146795045,2023-03-27T00:34:37Z
10050,1234854976,2024-07-16T13:50:27Z
596,993097954,2020-12-08T19:46:46Z
97,955640487,2020-05-08T23:10:29Z
770,952972258,2020-04-25T01:25:07Z
97,951926012,2020-04-19T16:56:38Z
1530,1040767687,2021-08-26T14:56:17Z
6381,1196090061,2024-01-16T07:42:00Z
21244,1189457019,2023-12-11T23:33:26Z
4330,1154592133,2023-05-13T13:16:14Z
432,1105908953,2022-08-22T09:40:42Z
596,1049321686,2021-10-11T04:29:53Z
16421,988334094,2020-11-12T15:01:07Z
6122,1259436870,2024-11-25T04:06:43Z
1456,1250503508,2024-10-10T20:25:04Z
4686,1239832445,2024-08-11T20:42:32Z
1478,1237139718,2024-07-28T09:21:08Z
15767,1257647615,2024-11-16T00:27:52Z
1300,1020549116,2021-04-29T17:57:49Z
2698,1223769867,2024-05-14T07:08:01Z
1498,1177558967,2023-09-28T04:22:38Z
1483,1023673688,2021-05-17T18:06:26Z
2637,976614693,2020-09-04T00:11:33Z
3307,1251711779,2024-10-17T17:05:47Z
1015,1002691649,2021-01-25T17:18:41Z
931,954826650,2020-05-04T14:18:47Z
6474,951928142,2020-04-19T17:09:46Z
233,1106451302,2022-08-24T17:31:48Z
4788,1225410626,2024-05-24T08:27:09Z
5636,1154594016,2023-05-13T13:32:02Z
576,1015932959,2021-04-04T12:17:08Z
1518,967235789,2020-07-12T01:10:01Z
1120,1252222618,2024-10-20T11:23:21Z
1129,1250510028,2024-10-10T21:14:17Z
1901,1234925164,2024-07-16T20:56:25Z
253,1214478999,2024-03-19T05:45:11Z
8936,1193991649,2024-01-06T17:28:04Z
414,970359433,2020-07-30T21:00:45Z
425,1233151052,2024-07-07T14:56:03Z
104,1184337244,2023-11-09T20:18:27Z
6532,995688450,2020-12-22T10:23:03Z
1099,994697119,2020-12-17T02:15:45Z
1618,996682141,2020-12-28T01:54:30Z
2370,1262051806,2024-12-09T09:45:25Z
968,1258460362,2024-11-19T21:28:01Z
2664,1002711290,2021-01-25T18:54:20Z
560,993057865,2020-12-08T15:57:03Z
1654,1029122451,2021-06-18T01:45:21Z
576,1187160952,2023-11-27T21:10:38Z
1626,1181900921,2023-10-25T22:18:39Z
2659,982805323,2020-10-10T13:13:09Z
4314,1258729909,2024-11-21T08:09:42Z
671,1253766112,2024-10-27T19:40:48Z
1717,1253375008,2024-10-25T17:16:21Z
3102,1247086902,2024-09-22T19:03:39Z
989,1001736831,2021-01-21T02:27:27Z
1965,1143784273,2023-03-09T21:36:21Z
6611,1016360639,2021-04-06T19:23:18Z
3753,1258432780,2024-11-19T18:25:10Z
17785,1240958579,2024-08-18T14:19:22Z
518,1197676223,2024-01-21T13:57:15Z
110,1161307820,2023-06-21T22:20:56Z
31674,1142155868,2023-02-28T20:37:57Z
2955,1263844781,2024-12-19T00:01:28Z
706,1036951011,2021-08-03T17:08:29Z
1325,1251678030,2024-10-17T12:53:12Z
7411,1247557539,2024-09-24T20:50:05Z
2542,1234639604,2024-07-15T11:07:50Z
7097,1120595361,2022-11-07T20:52:30Z
9246,970605487,2020-08-01T09:25:55Z
92,955253606,2020-05-06T19:49:33Z
1142,1193462307,2024-01-03T23:22:42Z
11182,1137412476,2023-02-04T14:25:54Z
4086,1081928266,2022-04-10T13:45:07Z
2332,1069820637,2022-02-04T07:25:28Z
5177,1258219501,2024-11-18T20:05:10Z
1358,1251879034,2024-10-18T16:10:47Z
2977,1250900330,2024-10-13T06:41:33Z
379,1236262435,2024-07-23T19:12:41Z
14217,1040620580,2021-08-25T17:04:14Z
256,971012361,2020-08-03T17:38:31Z
12699,970601911,2020-08-01T08:47:27Z
8613,970336227,2020-07-30T18:22:14Z
1306,1190221306,2023-12-16T17:14:20Z
2082,1114120398,2022-10-04T22:33:20Z
3304,1081182613,2022-04-05T20:12:50Z
11486,1225446491,2024-05-24T14:12:28Z
4504,1258432300,2024-11-19T18:21:11Z
1834,961825072,2020-06-10T16:17:54Z
425,1122798483,2022-11-19T20:28:11Z
913,1115944903,2022-10-14T00:47:57Z
819,1040770814,2021-08-26T15:19:39Z
2679,1211955299,2024-03-05T12:40:54Z
10116,1005965026,2021-02-10T09:12:22Z
2781,1251670112,2024-10-17T11:41:27Z
2805,1250898906,2024-10-13T06:24:19Z
1400,1250503683,2024-10-10T20:26:41Z
364,1173024955,2023-08-30T20:24:24Z
1009,1005805180,2021-02-09T14:17:42Z
12234,1238059002,2024-08-01T22:12:21Z
2808,1107011991,2022-08-27T17:24:14Z
1374,1016641563,2021-04-08T08:49:59Z
1465,1008603569,2021-02-24T03:58:27Z
2526,995691773,2020-12-22T10:51:12Z
598,1258629857,2024-11-20T19:27:46Z
4852,1258431992,2024-11-19T18:18:47Z
1925,1250899745,2024-10-13T06:34:44Z
2613,1236294087,2024-07-23T22:48:21Z
68009,1122730065,2022-11-19T09:12:24Z
2667,1075196265,2022-03-04T12:59:02Z
3311,1258457605,2024-11-19T21:07:16Z
7350,1215631192,2024-03-26T07:14:50Z
234,1173025070,2023-08-30T20:25:16Z
2913,953575501,2020-04-27T22:58:07Z
1120,1225359373,2024-05-23T23:08:31Z
3616,1164651938,2023-07-10T08:40:43Z
3107,1120218767,2022-11-05T20:32:37Z
1627,976145114,2020-09-01T12:14:43Z
6414,1146793218,2023-03-27T00:21:19Z
2542,1127202579,2022-12-13T12:47:15Z
3010,1258432954,2024-11-19T18:26:44Z
7006,1253765988,2024-10-27T19:40:03Z
12722,1173025110,2023-08-30T20:25:32Z
35,1140658850,2023-02-21T03:40:53Z
1203,1190432082,2023-12-17T21:42:23Z
2233,1177680178,2023-09-28T22:06:11Z
2176,958259306,2020-05-22T19:48:08Z
3005,958021356,2020-05-21T16:55:34Z
11360,1124827105,2022-11-30T18:29:27Z
635,985342739,2020-10-25T11:51:57Z
1534,1253155666,2024-10-24T16:24:15Z
3923,1251663478,2024-10-17T10:25:45Z
1137,1250906719,2024-10-13T07:41:27Z
8509,1248461586,2024-09-29T17:00:33Z
3381,970334814,2020-07-30T18:12:16Z
815,966892634,2020-07-09T20:46:14Z
1498,1177674303,2023-09-28T21:13:54Z
2387,960255366,2020-06-01T23:51:54Z
1438,1146793707,2023-03-27T00:25:10Z
3517,1002107802,2021-01-22T22:16:13Z
5155,1263427108,2024-12-16T16:21:44Z
1628,1250325865,2024-10-09T19:15:49Z
6275,1239831698,2024-08-11T20:35:58Z
71,1140659099,2023-02-21T03:43:16Z
3829,970572541,2020-08-01T03:18:40Z
1485,1190680761,2023-12-19T06:23:16Z
3462,1157412231,2023-05-28T12:17:24Z
11234,1147547663,2023-03-31T17:31:28Z
1388,1032061433,2021-07-05T09:14:40Z
3388,1253361290,2024-10-25T15:47:38Z
7443,1247553741,2024-09-24T20:28:44Z
6105,1239392452,2024-08-09T01:08:24Z
787,1023963521,2021-05-19T09:57:02Z
5976,970400746,2020-07-31T02:35:09Z
1560,1023021237,2021-05-13T21:26:37Z
2013,1080130579,2022-03-30T13:24:29Z
2275,1021549787,2021-05-05T09:50:07Z
6028,970400143,2020-07-31T02:29:17Z
2607,1137463374,2023-02-04T20:03:02Z
11733,999781318,2021-01-11T22:55:33Z
4336,1245210062,2024-09-11T17:28:15Z
1440,1121849831,2022-11-14T13:24:13Z
260,1018770467,2021-04-19T19:30:58Z
4346,1233075072,2024-07-07T04:11:59Z
1767,1096424651,2022-07-04T11:28:22Z
,"",
4336,1259477837,2024-11-25T11:17:07Z
3972,1258439641,2024-11-19T19:13:52Z
7122,1239831242,2024-08-11T20:31:49Z
4203,1234565025,2024-07-15T00:59:41Z
2513,966570178,2020-07-07T21:11:17Z
1204,1219511069,2024-04-18T05:36:47Z
1510,1098093232,2022-07-14T05:14:30Z
46600,1177742364,2023-09-29T09:04:43Z
4107,1079954059,2022-03-29T14:49:47Z
3212,1258226821,2024-11-18T20:45:56Z
1237,1251712440,2024-10-17T17:10:30Z
3197,1234636696,2024-07-15T10:39:59Z
4418,1233793816,2024-07-10T22:38:38Z
9820,1198216309,2024-01-23T13:01:56Z
195,1096189009,2022-07-02T22:30:24Z
3006,1255292726,2024-11-04T04:14:02Z
1501,1024141655,2021-05-20T10:34:25Z
7865,1248462072,2024-09-29T17:03:43Z
3404,1246893288,2024-09-21T18:08:30Z
176,1233933256,2024-07-11T17:52:01Z
7328,1215564719,2024-03-25T22:08:09Z
725,1020799718,2021-05-01T02:52:05Z
4476,1238051454,2024-08-01T21:20:51Z
9334,1009937515,2021-03-03T01:27:05Z
2339,988294738,2020-11-12T08:43:23Z
1947,1253149534,2024-10-24T15:49:12Z
1884,1118909940,2022-10-29T17:10:11Z
3471,1015583794,2021-04-02T09:03:46Z
2942,1258433071,2024-11-19T18:27:36Z
1621,1249743598,2024-10-06T16:14:05Z
6171,1248221328,2024-09-28T09:16:52Z
1550,1233934643,2024-07-11T18:02:28Z
4621,1235889399,2024-07-21T19:13:54Z
115,1233933447,2024-07-11T17:53:23Z
2723,1233933348,2024-07-11T17:52:40Z
137,1157037799,2023-05-25T22:09:54Z
4046,1215661038,2024-03-26T12:51:39Z
2926,1173296487,2023-09-01T14:48:40Z
7594,1065283826,2022-01-12T19:29:35Z
706,1036207674,2021-07-30T04:34:36Z
2580,1016600633,2021-04-08T01:42:41Z
1550,995760284,2020-12-22T19:20:06Z
1985,1258456915,2024-11-19T21:01:37Z
870,1140483936,2023-02-20T07:45:32Z
1082,1088865550,2022-05-20T14:47:53Z
1589,1040776188,2021-08-26T16:00:42Z
6590,1144448940,2023-03-13T20:43:42Z
12456,1135462588,2023-01-24T20:39:04Z
1774,994241658,2020-12-14T19:27:27Z
18073,1252058259,2024-10-19T15:29:57Z
1773,1250503144,2024-10-10T20:21:51Z
285,1249312379,2024-10-04T08:01:31Z
2736,1241722392,2024-08-22T20:05:25Z
5168,1241226533,2024-08-20T01:35:14Z
772,1006670048,2021-02-14T03:37:09Z
2473,955398337,2020-05-07T15:57:00Z
986,1093488749,2022-06-16T23:15:18Z
2771,1081719244,2022-04-09T06:19:55Z
2886,1053223027,2021-11-02T17:04:09Z
4498,1099012299,2022-07-18T15:31:25Z
5862,1017973632,2021-04-15T16:37:09Z
1798,1102795144,2022-08-06T23:16:29Z
3292,1263955807,2024-12-19T15:48:17Z
2433,1250509778,2024-10-10T21:12:04Z
524,1250509605,2024-10-10T21:10:35Z
2769,1247089230,2024-09-22T19:16:27Z
560,1246713706,2024-09-20T16:31:54Z
3435,1244857262,2024-09-09T16:23:53Z
2790,1069712978,2022-02-03T18:03:37Z
3801,1258624667,2024-11-20T18:58:24Z
1125,1253375789,2024-10-25T17:20:57Z
4031,1244092600,2024-09-05T00:22:58Z
8550,1234924483,2024-07-16T20:51:48Z
711,957218362,2020-05-17T17:58:21Z
1140,1190679679,2023-12-19T06:16:58Z
2932,1015574435,2021-04-02T07:39:27Z
33118,1045463955,2021-09-20T18:07:01Z
150,1008797071,2021-02-25T02:48:08Z
6657,1253133938,2024-10-24T14:22:04Z
4306,1247558241,2024-09-24T20:53:47Z
4032,1247084828,2024-09-22T18:51:31Z
3152,1233948110,2024-07-11T19:34:58Z
681,1214479113,2024-03-19T05:47:05Z
1926,994413298,2020-12-15T16:20:26Z
3693,1252717503,2024-10-22T17:09:05Z
1420,1250904255,2024-10-13T07:17:31Z
2790,1247092468,2024-09-22T19:32:59Z
210,1173025038,2023-08-30T20:25:03Z
1175,1194416041,2024-01-08T22:16:59Z
1909,1079928005,2022-03-29T11:24:40Z
5844,1154594491,2023-05-13T13:36:08Z
2032,1258455140,2024-11-19T20:50:39Z
132,993294216,2020-12-09T21:33:39Z
1638,1177870571,2023-09-30T03:53:16Z
3936,1133172092,2023-01-12T15:03:44Z
4110,1031697808,2021-07-03T04:00:55Z
3145,1021545160,2021-05-05T08:59:58Z
8512,1241723039,2024-08-22T20:10:22Z
8075,1034000760,2021-07-17T05:10:01Z
11185,1087343838,2022-05-11T22:07:31Z
2042,1094194022,2022-06-21T07:49:12Z
806,1042225371,2021-09-03T20:50:03Z
1703,1238247875,2024-08-02T22:18:03Z
14086,1140624984,2023-02-21T00:01:49Z
607,1190664708,2023-12-19T04:53:31Z
2692,1040773356,2021-08-26T15:39:21Z
5428,1033506124,2021-07-14T03:15:47Z
5620,1031712916,2021-07-03T06:08:25Z
5637,1258607383,2024-11-20T17:05:20Z
1646,1258216753,2024-11-18T19:52:31Z
4635,1252067175,2024-10-19T16:30:36Z
6116,1251661402,2024-10-17T09:56:22Z
2880,1258766664,2024-11-21T14:34:36Z
276,1098331746,2022-07-15T09:20:04Z
960,1001943882,2021-01-22T02:41:53Z
5481,1031696985,2021-07-03T03:54:49Z
616,1016016593,2021-04-04T23:06:05Z
3157,994412249,2020-12-15T16:14:21Z
685,1023963829,2021-05-19T10:00:21Z
82,953496903,2020-04-27T14:01:48Z
773,1239401134,2024-08-09T02:17:01Z
7538,1030283718,2021-06-25T00:31:18Z
2788,1177533516,2023-09-28T00:28:34Z
3187,1261530307,2024-12-06T16:05:23Z
6081,1258624536,2024-11-20T18:57:36Z
7048,1258446114,2024-11-19T19:54:36Z
4955,1258440577,2024-11-19T19:19:34Z
1192,1087503443,2022-05-12T21:31:31Z
21153,970593234,2020-08-01T07:28:50Z
2380,966890929,2020-07-09T20:34:41Z
1043,988377499,2020-11-12T20:21:24Z
4166,1208848237,2024-02-19T05:30:09Z
2336,1079246364,2022-03-25T20:04:21Z
901,974684786,2020-08-24T11:52:58Z
6307,1252069080,2024-10-19T16:42:55Z
1705,1250173163,2024-10-08T22:06:25Z
7318,1215629975,2024-03-26T07:06:30Z
3673,993097898,2020-12-08T19:46:28Z
128,1197458521,2024-01-20T16:10:31Z
900,1167362563,2023-07-27T08:30:20Z
3539,1102127986,2022-08-03T14:00:15Z
113,959766849,2020-05-30T14:17:03Z
3113,1251712235,2024-10-17T17:09:05Z
4486,1233936140,2024-07-11T18:13:00Z
599,993097996,2020-12-08T19:47:02Z
368,1190668117,2023-12-19T05:12:37Z
4931,1190578811,2023-12-18T18:04:30Z
2805,1081340147,2022-04-06T21:22:37Z
3908,1258436054,2024-11-19T18:49:36Z
9037,1247740110,2024-09-25T19:04:05Z
10443,1241903354,2024-08-23T20:08:52Z
1355,1234928922,2024-07-16T21:22:44Z
9386,1234636233,2024-07-15T10:35:41Z
1002,1026339501,2021-06-01T18:07:21Z
333,995687223,2020-12-22T10:09:28Z
2086,1080110441,2022-03-30T10:22:35Z
11486,1230974078,2024-06-25T18:59:48Z
1495,1025551380,2021-05-28T05:52:13Z
94,1021550191,2021-05-05T09:54:01Z
1999,1016852047,2021-04-09T12:13:09Z
6033,1247096425,2024-09-22T19:55:27Z
3277,1237142208,2024-07-28T09:45:19Z
1419,957648212,2020-05-19T21:29:10Z
9286,1095464842,2022-06-28T14:37:16Z
1316,1080011188,2022-03-29T20:56:02Z
1618,996394560,2020-12-26T09:42:21Z
1143,1252069603,2024-10-19T16:46:25Z
572,1136746761,2023-01-31T22:58:41Z
42261,999768553,2021-01-11T21:34:22Z
1517,952864371,2020-04-24T13:07:45Z
169,952710285,2020-04-23T18:00:46Z
1295,1251116539,2024-10-14T14:08:40Z
1099,1162570367,2023-06-29T23:17:41Z
3715,1088431742,2022-05-18T00:05:46Z
3277,1237141244,2024-07-28T09:35:42Z
1377,1235236238,2024-07-18T09:18:38Z
85,955252621,2020-05-06T19:43:04Z
266,1215177952,2024-03-23T16:16:24Z
3995,1190660704,2023-12-19T04:19:31Z
3424,1031771075,2021-07-03T14:59:56Z
3141,957435314,2020-05-18T20:56:47Z
3940,1139320560,2023-02-14T14:26:04Z
5263,1259607725,2024-11-26T01:54:40Z
2070,1258445672,2024-11-19T19:52:08Z
3419,1244092479,2024-09-05T00:22:07Z
8912,1081678501,2022-04-08T23:19:57Z
2942,1246545014,2024-09-19T16:08:26Z
1681,1073560708,2022-02-23T09:49:22Z
6338,1050283327,2021-10-16T22:18:29Z
2251,994255863,2020-12-14T20:33:50Z
6667,1258232898,2024-11-18T21:30:20Z
2544,1240160720,2024-08-13T21:58:07Z
1208,1234640466,2024-07-15T11:16:07Z
3061,1137465563,2023-02-04T20:15:29Z
3127,1126580652,2022-12-10T03:20:45Z
1424,1015119973,2021-03-30T18:46:00Z
1349,1245181780,2024-09-11T14:20:04Z
911,1148012938,2023-04-03T14:58:18Z
3146,1110154523,2022-09-13T22:27:14Z
683,830669124,2018-03-16T07:12:56Z
3006,1129009061,2022-12-23T04:09:17Z
143,1084729069,2022-04-26T06:48:21Z
159,1177652464,2023-09-28T18:23:08Z
1974,995557978,2020-12-21T18:26:04Z
84,1002382003,2021-01-24T04:26:25Z
500,1125270561,2022-12-03T03:48:29Z
4254,1224922651,2024-05-21T09:00:06Z
3942,1215467060,2024-03-25T09:09:39Z
121,1242692750,2024-08-28T06:08:08Z
117,1187952250,2023-12-02T14:10:15Z
1274,1057207677,2021-11-26T04:34:51Z
3538,1177071318,2023-09-25T19:38:45Z
109,1097370808,2022-07-10T11:03:40Z
1715,1218795918,2024-04-13T22:02:42Z
3988,1178906555,2023-10-06T16:49:31Z
1071,1050931337,2021-10-20T18:18:45Z
1177,980637316,2020-09-27T16:35:42Z
9049,1110412304,2022-09-15T08:51:45Z
75,1035830185,2021-07-27T22:43:07Z
3272,955352119,2020-05-07T09:51:11Z
1744,1225887012,2024-05-27T09:24:32Z
268,1184823500,2023-11-12T21:25:32Z
113,1047202343,2021-09-29T15:34:00Z
1549,1221773183,2024-05-01T22:25:41Z
4014,964875010,2020-06-28T02:59:19Z
1871,1135269811,2023-01-23T17:08:00Z
2183,1242070848,2024-08-24T20:59:47Z
4761,1150153685,2023-04-16T16:20:16Z
1179,1066758428,2022-01-20T00:21:32Z
3712,984083937,2020-10-18T02:08:07Z
396,1237343547,2024-07-29T08:57:51Z
1067,973378038,2020-08-16T22:05:48Z
2443,1151548426,2023-04-24T18:50:00Z
888,982113501,2020-10-06T07:24:57Z
3538,1175936308,2023-09-18T11:23:43Z
94,1136798079,2023-02-01T05:39:12Z
162,1252375297,2024-10-21T01:56:57Z
1407,1084138892,2022-04-22T19:15:31Z
2620,1191879323,2023-12-26T10:14:47Z
1733,1098664363,2022-07-16T22:54:12Z
3697,1177655843,2023-09-28T18:46:26Z
185,1094207469,2022-06-21T09:42:42Z
1319,812829173,2017-11-30T03:11:05Z
2162,1224844964,2024-05-20T20:25:34Z
5613,1129009461,2022-12-23T04:12:27Z
1744,1231931173,2024-07-01T01:47:25Z
2793,962992375,2020-06-17T05:05:02Z
128,1218798568,2024-04-13T22:27:58Z
1531,1103093360,2022-08-08T09:00:53Z
3482,1050931246,2021-10-20T18:18:11Z
1526,1229796303,2024-06-18T19:23:39Z
1485,1151471055,2023-04-24T08:06:37Z
168,1140278260,2023-02-19T09:53:40Z
2812,976808881,2020-09-05T04:40:57Z
5288,1221990253,2024-05-03T06:05:53Z
991,984233944,2020-10-19T00:14:08Z
8496,952570581,2020-04-22T23:11:46Z
3164,979805761,2020-09-22T22:08:34Z
1067,970911683,2020-08-03T03:18:11Z
1694,1220326144,2024-04-23T02:34:51Z
261,671597660,2015-07-15T19:03:40Z
981,995096669,2020-12-19T05:43:27Z
375,1255929434,2024-11-07T09:34:50Z
2328,1110411659,2022-09-15T08:45:53Z
1055,1115760208,2022-10-13T02:05:15Z
205,1096102598,2022-07-02T09:22:57Z
964,1227074534,2024-06-03T14:54:37Z
822,1167047831,2023-07-25T10:22:11Z
4521,1084185530,2022-04-23T01:23:32Z
4199,970697990,2020-08-01T21:30:19Z
1203,1110414438,2022-09-15T09:11:54Z
118,1231030278,2024-06-26T02:00:40Z
1883,1220979346,2024-04-27T02:50:28Z
138,1098990527,2022-07-18T12:56:32Z
478,882862709,2019-02-11T20:12:43Z
3096,1234321727,2024-07-13T19:09:35Z
1000,956739881,2020-05-15T01:31:28Z
153,1084481864,2022-04-24T19:27:35Z
127,1061262631,2021-12-20T17:34:55Z
1856,1135749092,2023-01-26T16:51:48Z
2167,1088704567,2022-05-19T17:35:46Z
1948,991791026,2020-12-01T21:03:51Z
2410,1178614544,2023-10-04T19:53:32Z
592,1024684215,2021-05-23T15:50:13Z
1945,1216604306,2024-04-01T00:22:37Z
3986,1182488429,2023-10-29T17:09:56Z
534,1120883109,2022-11-09T09:40:24Z
963,1149738690,2023-04-14T04:16:36Z
1061,951352603,2020-04-16T19:11:39Z
4501,1209848929,2024-02-23T21:06:09Z
1737,1072574326,2022-02-18T11:11:57Z
4549,1191882772,2023-12-26T10:52:55Z
4247,998397632,2021-01-05T05:37:23Z
2876,1110412055,2022-09-15T08:49:20Z
97,1252689605,2024-10-22T14:44:41Z
1995,1217288429,2024-04-04T23:06:20Z
4452,1004682513,2021-02-03T21:11:28Z
112,1227892213,2024-06-08T10:40:00Z
256,638310318,2014-12-16T04:17:20Z
2223,1237807172,2024-07-31T15:21:31Z
191,1092537598,2022-06-10T22:10:52Z
2162,1225034120,2024-05-21T23:14:53Z
313,1112953103,2022-09-28T23:57:51Z
979,1227034829,2024-06-03T08:14:08Z
125,1097235709,2022-07-09T14:10:53Z
989,1252600111,2024-10-22T02:33:44Z
896,1094400728,2022-06-22T11:36:46Z
199,1091820922,2022-06-06T15:54:37Z
519,1222289421,2024-05-05T02:57:26Z
217,1221481527,2024-04-30T05:45:39Z
3503,1270365862,2025-01-19T05:22:51Z
1277,1168365079,2023-08-02T10:24:22Z
3694,1178530519,2023-10-04T07:22:14Z
3988,1181368901,2023-10-22T16:55:00Z
9006,1002263880,2021-01-23T16:28:47Z
124,869456383,2018-11-18T18:55:11Z
829,1070051427,2022-02-05T11:55:20Z
162,1024683670,2021-05-23T15:46:15Z
15748,982117023,2020-10-06T08:02:13Z
305,1163332244,2023-07-04T08:03:36Z
3418,988998538,2020-11-16T13:40:19Z
593,1132037598,2023-01-06T23:47:34Z
1610,952596318,2020-04-23T02:27:09Z
475,1177912748,2023-09-30T12:10:50Z
3538,1177309071,2023-09-27T03:49:10Z
2252,1074021636,2022-02-26T00:05:19Z
950,1170055695,2023-08-12T23:23:37Z
97,1252367804,2024-10-21T01:11:36Z
1485,1157020226,2023-05-25T20:14:07Z
2162,1224012045,2024-05-15T18:41:54Z
2956,1221199945,2024-04-28T13:27:17Z
193,1097062919,2022-07-08T11:37:30Z
124,1161839135,2023-06-25T10:40:41Z
3338,1084137199,2022-04-22T19:03:48Z
469,1222071718,2024-05-03T18:24:01Z
3259,1188726515,2023-12-07T08:13:09Z
246,1102291776,2022-08-04T09:15:04Z
1372,1177522643,2023-09-27T22:57:06Z
1226,1160955250,2023-06-19T18:54:13Z
160,1084138651,2022-04-22T19:13:59Z
159,1161839049,2023-06-25T10:39:50Z
2128,1160950640,2023-06-19T18:23:11Z
2658,1128397777,2022-12-19T23:11:36Z
2958,1009256866,2021-02-27T16:14:36Z
1055,1125074362,2022-12-02T01:56:23Z
7212,1244322698,2024-09-06T11:32:16Z
161,1222071548,2024-05-03T18:22:40Z
245,1099439810,2022-07-20T19:59:34Z
5219,1056021142,2021-11-19T06:59:47Z
101,1207514633,2024-02-15T01:13:17Z
1020,964650877,2020-06-26T19:17:37Z
3828,1135183482,2023-01-23T03:36:46Z
164,1254548993,2024-10-31T14:59:37Z
968,1136735499,2023-01-31T21:52:40Z
5239,1175509990,2023-09-15T14:52:45Z
2336,1161837192,2023-06-25T10:24:09Z
3246,1222267810,2024-05-04T23:03:52Z
1079,976236257,2020-09-01T22:24:32Z
2455,1125081897,2022-12-02T02:51:45Z
1067,1129043787,2022-12-23T08:47:36Z
966,1094390698,2022-06-22T09:47:07Z
979,1216988268,2024-04-03T03:52:15Z
3491,1051993714,2021-10-26T19:10:32Z
110,1171465977,2023-08-21T07:28:49Z
2757,1235649627,2024-07-20T12:26:41Z
1760,1221587233,2024-04-30T20:05:39Z
1509,1194568195,2024-01-09T17:17:25Z
3629,1094207994,2022-06-21T09:47:11Z
329,1080781805,2022-04-03T12:09:35Z
386,1125045180,2022-12-01T22:44:51Z
1740,1125044567,2022-12-01T22:40:17Z
1738,1167347812,2023-07-27T05:57:40Z
3659,1215348319,2024-03-24T16:11:38Z
1907,1158565173,2023-06-04T21:51:39Z
138,1121824482,2022-11-14T09:34:58Z
3417,962991455,2020-06-17T04:54:40Z
915,677748697,2015-08-25T08:15:17Z
743,1225620495,2024-05-25T17:04:45Z
3091,1162845975,2023-07-01T12:35:31Z
5428,1129009606,2022-12-23T04:13:39Z
108,1218796133,2024-04-13T22:04:23Z
1340,1125270156,2022-12-03T03:44:29Z
3212,1094390931,2022-06-22T09:49:45Z
2970,986531885,2020-11-01T12:54:59Z
3988,1180136484,2023-10-14T19:10:55Z
2686,1125069907,2022-12-02T01:27:17Z
97,1252683179,2024-10-22T14:12:17Z
1046,1141035840,2023-02-23T01:11:13Z
162,1024049204,2021-05-19T20:18:54Z
1910,1220194493,2024-04-22T10:49:51Z
1860,1135749171,2023-01-26T16:52:27Z
1208,1063917609,2022-01-05T16:02:06Z
119,1241336047,2024-08-20T16:25:59Z
109,1084136624,2022-04-22T18:59:58Z
208,1208519834,2024-02-17T21:20:41Z
1310,1093563885,2022-06-17T12:20:37Z
103,986801481,2020-11-03T02:28:06Z
1610,954135645,2020-04-30T21:25:20Z
115,1225053884,2024-05-22T02:13:34Z
2137,1053812965,2021-11-06T06:22:52Z
149,1226208084,2024-05-29T06:04:07Z
2222,1074090592,2022-02-26T10:15:44Z
1620,1155100766,2023-05-16T17:03:56Z
229,1024684055,2021-05-23T15:49:08Z
120,1242437749,2024-08-26T20:08:42Z
1584,1230217432,2024-06-21T12:28:13Z
1909,958047159,2020-05-21T19:09:49Z
992,1263757643,2024-12-18T13:20:13Z
979,1221510130,2024-04-30T10:51:24Z
2074,1230218559,2024-06-21T12:37:59Z
116,1191883267,2023-12-26T10:57:46Z
1009,1052463685,2021-10-29T08:39:32Z
937,1242332630,2024-08-26T08:35:06Z
254,1223935061,2024-05-15T07:44:37Z
2252,1216759819,2024-04-01T20:39:40Z
2182,958215960,2020-05-22T14:49:19Z
1510,1216254890,2024-03-30T00:18:27Z
363,1177912519,2023-09-30T12:08:31Z
976,1150142674,2023-04-16T15:10:00Z
79,989003691,2020-11-16T14:25:14Z
928,1136217549,2023-01-29T08:34:42Z
327,605966534,2014-04-27T00:37:03Z
1142,1060810862,2021-12-17T20:29:48Z
1986,1203162496,2024-02-04T09:02:08Z
4166,1061840727,2021-12-24T09:26:01Z
1726,1260907732,2024-12-03T06:19:11Z
225,1241336138,2024-08-20T16:26:36Z
1791,1216956680,2024-04-02T23:29:30Z
149,1141891721,2023-02-27T11:29:18Z
335,1251105507,2024-10-14T12:42:03Z
251,1161285321,2023-06-21T19:18:44Z
2400,1125074125,2022-12-02T01:54:39Z
108,1082228634,2022-04-12T01:11:27Z
3418,987269550,2020-11-05T23:46:40Z
315,1231030254,2024-06-26T02:00:30Z
315,1222071786,2024-05-03T18:24:33Z
1751,1220980102,2024-04-27T02:59:17Z
3697,1177652714,2023-09-28T18:24:44Z
411,1128327743,2022-12-19T15:22:26Z
164,1120883222,2022-11-09T09:41:29Z
1754,1231966750,2024-07-01T06:35:05Z
495,1193418195,2024-01-03T18:49:57Z
251,1167789183,2023-07-29T22:16:34Z
1871,1143229747,2023-03-06T15:56:22Z
905,1162852712,2023-07-01T13:27:12Z
1060,975065202,2020-08-26T14:58:14Z
428,1175811655,2023-09-17T16:08:45Z
1656,1263471164,2024-12-16T21:24:04Z
962,1258896927,2024-11-22T06:41:35Z
2535,1186961708,2023-11-26T15:53:11Z
1963,1176712751,2023-09-23T14:34:12Z
1970,962992075,2020-06-17T05:01:34Z
139,1094206459,2022-06-21T09:34:16Z
2038,1074021576,2022-02-26T00:04:52Z
1855,1215348287,2024-03-24T16:11:21Z
702,840842128,2018-05-12T14:47:15Z
116,1246010276,2024-09-16T11:24:59Z
814,1161839292,2023-06-25T10:42:14Z
501,1096103439,2022-07-02T09:33:08Z
817,984080931,2020-10-18T01:42:11Z
419,1265854721,2024-12-29T00:31:37Z
3865,1126745347,2022-12-11T00:57:36Z
3476,1044976215,2021-09-18T03:17:07Z
1796,1211857115,2024-03-04T21:19:12Z
189,1057064662,2021-11-25T06:38:07Z
855,1202583828,2024-02-03T02:36:05Z
3128,1266599383,2025-01-01T10:18:54Z
121,1125270144,2022-12-03T03:44:22Z
1502,1135158102,2023-01-23T00:12:01Z
8401,1048669208,2021-10-07T09:41:29Z
3396,1182489744,2023-10-29T17:19:24Z
135,1096106999,2022-07-02T10:14:34Z
260,1125041208,2022-12-01T22:16:30Z
3109,1194887990,2024-01-11T07:20:06Z
524,1224009384,2024-05-15T18:23:33Z
1290,984235158,2020-10-19T00:23:22Z
665,958217059,2020-05-22T14:56:27Z
271,1110076295,2022-09-13T12:44:08Z
2137,1056016097,2021-11-19T06:07:58Z
457,1254115176,2024-10-29T13:52:36Z
1510,1216782244,2024-04-01T23:28:40Z
8496,952568812,2020-04-22T22:56:05Z
3476,1045526126,2021-09-21T00:55:34Z
212,1242070569,2024-08-24T20:58:02Z
815,1097235852,2022-07-09T14:12:01Z
104,1025047495,2021-05-25T12:44:24Z
462,958922041,2020-05-26T09:13:43Z
1361,1250478380,2024-10-10T17:23:14Z
1599,1178481658,2023-10-03T23:15:29Z
1093,1032160749,2021-07-05T20:39:32Z
984,1263757612,2024-12-18T13:19:58Z
1173,1067723452,2022-01-24T21:17:04Z
469,1222071725,2024-05-03T18:24:05Z
1361,1250478504,2024-10-10T17:24:32Z
1341,1230075607,2024-06-20T13:46:13Z
684,1211861401,2024-03-04T21:44:14Z
944,1087385227,2022-05-12T03:41:50Z
293,1262621269,2024-12-12T09:34:10Z
3694,1178612151,2023-10-04T19:35:35Z
93,1125041157,2022-12-01T22:16:00Z
315,1084137065,2022-04-22T19:02:48Z
1850,1084130595,2022-04-22T18:18:10Z
161,1215348361,2024-03-24T16:11:58Z
271,1158592884,2023-06-05T01:29:16Z
193,1096720023,2022-07-06T06:55:15Z
981,1008207433,2021-02-22T03:11:28Z
1123,1179899223,2023-10-13T04:48:45Z
104,986588531,2020-11-01T19:53:20Z
162,1252392126,2024-10-21T04:02:11Z
1084,1103619407,2022-08-10T08:24:18Z
167,1266155233,2024-12-30T09:37:39Z
3396,1186049561,2023-11-20T16:39:46Z
10693,976236363,2020-09-01T22:25:13Z
2942,1191214789,2023-12-22T05:28:45Z
2354,955351854,2020-05-07T09:48:45Z
276,1103621362,2022-08-10T08:33:01Z
3601,1132082774,2023-01-07T05:01:36Z
1351,963965756,2020-06-22T20:27:01Z
837,1175935861,2023-09-18T11:18:14Z
2439,1110411963,2022-09-15T08:48:30Z
1620,1171463753,2023-08-21T07:06:37Z
2555,1129009671,2022-12-23T04:14:12Z
502,1024686246,2021-05-23T16:03:00Z
577,1070614209,2022-02-08T11:03:28Z
250,1101118841,2022-07-29T11:38:15Z
3812,1222640913,2024-05-07T02:32:33Z
748,1100378997,2022-07-25T16:17:30Z
1730,1159314639,2023-06-09T15:41:18Z
267,1084135178,2022-04-22T18:49:53Z
2367,1188124819,2023-12-03T13:44:51Z
115,1195402585,2024-01-13T18:22:21Z
200,1152621639,2023-05-01T10:05:25Z
114,1044918394,2021-09-17T19:03:21Z
724,1228525425,2024-06-11T18:26:35Z
1629,1191880780,2023-12-26T10:31:13Z
1518,1177522676,2023-09-27T22:57:19Z
2162,1224625330,2024-05-19T13:34:03Z
1041,965436307,2020-07-01T09:09:19Z
1884,1136539597,2023-01-30T21:12:06Z
1319,1112953212,2022-09-28T23:58:37Z
2073,1009077606,2021-02-26T16:21:59Z
97,956831288,2020-05-15T15:14:22Z
76,1250044364,2024-10-08T05:07:30Z
2111,1009077966,2021-02-26T16:24:09Z
1620,1159314263,2023-06-09T15:38:13Z
91,683515066,2015-09-30T19:35:29Z
1494,934605882,2020-01-07T13:33:00Z
262,598918833,2014-03-10T01:20:07Z
132,1175509473,2023-09-15T14:48:14Z
2611,1052825423,2021-10-31T09:10:12Z
3659,1216278788,2024-03-30T04:12:12Z
115,1212546915,2024-03-08T11:41:34Z
918,954136369,2020-04-30T21:31:08Z
531,1224010378,2024-05-15T18:30:44Z
2092,1081713671,2022-04-09T05:10:25Z
3253,748571450,2016-11-08T23:05:15Z
895,1008269595,2021-02-22T13:04:11Z
1697,958048282,2020-05-21T19:15:46Z
2046,1006075377,2021-02-10T22:24:59Z
158,1009078744,2021-02-26T16:28:42Z
2638,991103954,2020-11-28T08:06:12Z
1048,962991963,2020-06-17T05:00:37Z
197,1125383607,2022-12-03T18:33:34Z
68,1023834887,2021-05-18T16:27:52Z
1353,1091855073,2022-06-06T20:05:51Z
962,1258894356,2024-11-22T06:22:50Z
360,1015229744,2021-03-31T09:20:39Z
2629,1207511026,2024-02-15T01:00:15Z
3092,1194879700,2024-01-11T06:01:23Z
2096,1009078553,2021-02-26T16:27:31Z
241,1246261986,2024-09-17T22:01:16Z
612,1200252913,2024-01-29T03:44:34Z
161,1222071434,2024-05-03T18:21:41Z
3086,1192343890,2023-12-28T21:38:20Z
164,1121781493,2022-11-14T03:16:32Z
1190,899198766,2019-05-28T14:12:18Z
368,1102292701,2022-08-04T09:22:19Z
1915,1158566601,2023-06-04T22:04:00Z
2505,1129009533,2022-12-23T04:13:04Z
162,1023218725,2021-05-15T03:36:17Z
979,1107981408,2022-09-01T22:08:17Z
3367,958217205,2020-05-22T14:57:36Z
3645,1220105542,2024-04-21T20:59:01Z
168,1091833388,2022-06-06T17:25:05Z
132,1172819793,2023-08-29T14:28:59Z
146,1169060792,2023-08-06T20:34:34Z
156,1126529626,2022-12-09T21:16:37Z
77,875130103,2018-12-24T01:07:03Z
1046,1132295597,2023-01-08T05:42:06Z
2246,1063523803,2022-01-03T14:40:07Z
1470,1148010789,2023-04-03T14:41:33Z
948,984081937,2020-10-18T01:50:39Z
1583,1215348585,2024-03-24T16:13:48Z
3538,1176863379,2023-09-24T13:20:43Z
115,1125180757,2022-12-02T16:35:30Z
169,667469059,2015-06-18T10:08:10Z
136,1161837653,2023-06-25T10:28:11Z
296,1097316875,2022-07-10T01:09:01Z
1052,962992024,2020-06-17T05:01:15Z
201,1091821333,2022-06-06T15:57:25Z
898,1263492369,2024-12-16T23:55:41Z
459,1175936207,2023-09-18T11:22:18Z
2175,1125069263,2022-12-02T01:23:23Z
1332,914906078,2019-09-10T02:03:41Z
819,1057209956,2021-11-26T04:54:29Z
2132,1220979603,2024-04-27T02:53:08Z
3694,1178611805,2023-10-04T19:32:54Z
1285,1141555264,2023-02-25T17:14:35Z
1078,1125043752,2022-12-01T22:34:08Z
502,1024684978,2021-05-23T15:55:19Z
3988,1182488914,2023-10-29T17:13:13Z
3986,1181363127,2023-10-22T16:14:11Z
872,1177020319,2023-09-25T12:41:45Z
1457,1015229883,2021-03-31T09:22:20Z
172,1125044450,2022-12-01T22:39:19Z
281,1102685928,2022-08-06T10:08:39Z
1184,1015230061,2021-03-31T09:24:18Z
439,635480594,2014-11-26T06:55:09Z
879,1056021316,2021-11-19T07:01:42Z
97,1252392661,2024-10-21T04:07:07Z
1000,918517419,2019-09-29T02:03:54Z
1080,973378083,2020-08-16T22:06:01Z
1914,1120774075,2022-11-08T19:12:14Z
1406,1084185487,2022-04-23T01:23:16Z
4254,1224925310,2024-05-21T09:27:39Z
1884,1220979568,2024-04-27T02:52:46Z
69,671588438,2015-07-15T17:50:41Z
62,1007175078,2021-02-16T20:49:23Z
991,986366961,2020-10-31T11:54:27Z
1814,952568745,2020-04-22T22:55:33Z
436,1159530384,2023-06-10T22:54:22Z
268,1095973073,2022-07-01T14:09:51Z
1244,957104217,2020-05-17T01:30:45Z
1708,633409935,2014-11-11T18:05:27Z
300,1246265607,2024-09-17T22:27:50Z
3986,1179949417,2023-10-13T14:14:19Z
1207,951352700,2020-04-16T19:12:13Z
2452,925799852,2019-11-12T11:39:43Z
926,982113246,2020-10-06T07:21:32Z
3205,1176604323,2023-09-22T20:19:10Z
329,819442037,2018-01-09T11:33:29Z
127,1066729256,2022-01-19T20:52:04Z
1860,1139495312,2023-02-15T12:36:39Z
139,775843828,2017-04-17T12:39:11Z
116,1194894660,2024-01-11T08:16:16Z
47,671594952,2015-07-15T18:43:34Z
3917,1084133476,2022-04-22T18:38:01Z
154,964962557,2020-06-28T16:38:21Z
354,1128326287,2022-12-19T15:12:51Z
674,735150664,2016-08-18T22:08:24Z
217,1220223689,2024-04-22T14:45:38Z
2242,1113835984,2022-10-03T13:27:55Z
6430,946445660,2020-03-20T05:46:24Z
813,1146597746,2023-03-25T21:38:04Z
962,1258467769,2024-11-19T22:20:59Z
3089,1194880890,2024-01-11T06:13:47Z
5739,1240727658,2024-08-17T01:19:45Z
79,1263766211,2024-12-18T14:28:27Z
3447,1268722493,2025-01-11T05:58:23Z
3538,1176942418,2023-09-24T23:14:45Z
12941,995898791,2020-12-23T13:48:50Z
69,984080967,2020-10-18T01:42:30Z
396,1201386551,2024-01-31T14:18:40Z
1562,1191879532,2023-12-26T10:17:20Z
1792,1009059752,2021-02-26T14:24:48Z
2557,1125045831,2022-12-01T22:49:32Z
1080,1081714481,2022-04-09T05:20:26Z
4450,963898646,2020-06-22T12:44:20Z
208,1163417342,2023-07-04T19:18:05Z
1950,1212164393,2024-03-06T12:22:14Z
3418,988997685,2020-11-16T13:31:49Z
119,1241161123,2024-08-19T17:22:14Z
100,702856668,2016-02-02T01:23:44Z
121,1094391474,2022-06-22T09:55:17Z
2581,964859444,2020-06-28T00:37:38Z
3812,1226208028,2024-05-29T06:03:26Z
77,1094206420,2022-06-21T09:33:59Z
1482,1098662520,2022-07-16T22:41:37Z
2092,1079071693,2022-03-24T21:26:36Z
1650,1230218305,2024-06-21T12:35:48Z
1909,955405478,2020-05-07T16:44:02Z
1487,730180410,2016-07-17T08:24:17Z
8110,1193280377,2024-01-03T00:30:14Z
1173,1172222554,2023-08-25T18:38:09Z
3475,1026719299,2021-06-03T21:48:48Z
301,588688868,2014-01-01T18:09:54Z
3141,1084828660,2022-04-26T21:13:39Z
3694,1177913252,2023-09-30T12:16:04Z
811,882862318,2019-02-11T20:09:54Z
97,1244323201,2024-09-06T11:37:53Z
108,1194880918,2024-01-11T06:14:05Z
1093,1024686349,2021-05-23T16:03:35Z
2217,1220041305,2024-04-21T13:22:46Z
3986,1178848028,2023-10-06T07:50:10Z
83,1220333847,2024-04-23T03:50:20Z
396,1200255524,2024-01-29T03:52:40Z
2847,1191881640,2023-12-26T10:41:28Z
1069,1132037173,2023-01-06T23:44:59Z
1733,1124321824,2022-11-28T10:00:17Z
335,1254502831,2024-10-31T08:51:28Z
3291,1060760673,2021-12-17T14:06:03Z
590,1221199481,2024-04-28T13:23:21Z
2192,1124525681,2022-11-29T04:33:11Z
3697,1177652797,2023-09-28T18:25:18Z
350,1175885775,2023-09-18T02:14:29Z
2322,1099755937,2022-07-22T12:09:43Z
196,1191988261,2023-12-27T00:17:02Z
704,882862627,2019-02-11T20:12:07Z
1309,1125268029,2022-12-03T03:26:14Z
586,1221092959,2024-04-27T20:52:04Z
291,566002007,2013-07-27T10:00:03Z
97,1254114981,2024-10-29T13:51:19Z
11613,1232565955,2024-07-04T11:37:10Z
181,1061262312,2021-12-20T17:32:34Z
104,1176609195,2023-09-22T20:56:51Z
2576,1193418617,2024-01-03T18:52:22Z
3986,1182489297,2023-10-29T17:15:39Z
689,1093562626,2022-06-17T12:07:59Z
2213,1211857980,2024-03-04T21:24:05Z
1482,1094556313,2022-06-23T10:19:34Z
2635,1002055890,2021-01-22T16:55:23Z
1744,1225053926,2024-05-22T02:13:56Z
83,1222071408,2024-05-03T18:21:31Z
5082,1084803661,2022-04-26T17:52:18Z
1694,1219778416,2024-04-19T19:23:16Z
813,1005326965,2021-02-07T03:19:49Z
242,1246261738,2024-09-17T21:59:27Z
144,1101208060,2022-07-29T21:00:30Z
2903,1082918515,2022-04-15T22:16:26Z
1510,1177523255,2023-09-27T23:00:36Z
1277,1169051482,2023-08-06T19:18:06Z
307,598918755,2014-03-10T01:19:30Z
7212,1242692842,2024-08-28T06:09:09Z
1009,1032170382,2021-07-05T21:47:41Z
47,677748772,2015-08-25T08:15:56Z
162,1024043563,2021-05-19T19:41:37Z
388,1127218549,2022-12-13T14:49:43Z
2757,1252444467,2024-10-21T11:24:40Z
732,716550539,2016-04-22T10:13:12Z
1470,1141116881,2023-02-23T12:38:33Z
944,1088699402,2022-05-19T17:01:43Z
797,1224678666,2024-05-19T20:13:24Z
733,958217165,2020-05-22T14:57:17Z
502,1024684610,2021-05-23T15:52:58Z
1744,1225629744,2024-05-25T18:22:20Z
3259,1186049811,2023-11-20T16:41:37Z
365,1110650804,2022-09-16T17:16:35Z
3023,951713384,2020-04-18T13:51:09Z
1656,1258897023,2024-11-22T06:42:15Z
3988,1178614614,2023-10-04T19:54:02Z
2054,1177963088,2023-09-30T19:19:00Z
1224,1110412190,2022-09-15T08:50:39Z
1167,1052467781,2021-10-29T09:23:01Z
1200,1209540646,2024-02-22T11:25:22Z
4248,1154502190,2023-05-12T22:49:22Z
8805,986814250,2020-11-03T04:29:01Z
156,1218798971,2024-04-13T22:31:58Z
828,1182834117,2023-10-31T17:20:31Z
1650,1250478725,2024-10-10T17:26:30Z
1722,1094390558,2022-06-22T09:45:52Z
3205,1172034248,2023-08-24T14:38:40Z
2496,1125216037,2022-12-02T20:38:40Z
982,964130960,2020-06-23T19:24:53Z
1032,1120844362,2022-11-09T03:31:52Z
947,1136139164,2023-01-28T22:52:09Z
8496,952582546,2020-04-23T00:31:47Z
8479,948964527,2020-04-03T23:37:48Z
1971,990292997,2020-11-23T22:01:25Z
329,1039651847,2021-08-19T23:27:20Z
110,730306221,2016-07-18T04:55:43Z
1346,1255541049,2024-11-05T13:10:26Z
2192,1125267033,2022-12-03T03:16:59Z
1066,1015866593,2021-04-04T01:02:24Z
2012,1229863841,2024-06-19T03:28:20Z
314,1188726546,2023-12-07T08:13:41Z
135,1096709746,2022-07-06T05:15:12Z
3418,988997744,2020-11-16T13:32:25Z
2478,1125157631,2022-12-02T13:48:19Z
144,1164937517,2023-07-12T01:25:57Z
1253,1161837121,2023-06-25T10:23:31Z
2343,1135387270,2023-01-24T10:32:41Z
189,1110436182,2022-09-15T13:14:06Z
1088,1102687198,2022-08-06T10:20:23Z
125,1137518069,2023-02-05T01:37:39Z
2030,739841738,2016-09-17T10:35:06Z
1996,1107899493,2022-09-01T13:14:09Z
1620,799062997,2017-09-05T12:01:32Z
103,673453507,2015-07-28T11:19:15Z
1035,1260440269,2024-11-30T19:42:35Z
195,1234663165,2024-07-15T14:20:10Z
622,1174791895,2023-09-10T18:08:51Z
159,1052319773,2021-10-28T14:41:45Z
191,976172687,2020-09-01T15:34:49Z
333,673581004,2015-07-29T04:22:51Z
567,730619485,2016-07-20T05:53:03Z
111,1263227050,2024-12-15T12:49:43Z
693,769585540,2017-03-10T12:58:51Z
177,837518140,2018-04-21T10:01:13Z
5095,668023263,2015-06-22T00:39:35Z
952,1260524860,2024-12-01T07:07:08Z
958,1260440051,2024-11-30T19:41:17Z
786,1178906367,2023-10-06T16:48:42Z
123,870570964,2018-11-25T18:22:25Z
1055,986686668,2020-11-02T11:25:06Z
173,1176311814,2023-09-20T22:05:53Z
2451,1260440455,2024-11-30T19:44:04Z
717,1256491471,2024-11-10T04:57:14Z
107,1176588829,2023-09-22T18:18:53Z
800,1247073615,2024-09-22T17:49:11Z
113,772750921,2017-03-29T03:29:27Z
4004,1260519038,2024-12-01T06:05:58Z
597,739800806,2016-09-17T02:51:58Z
1059,1260441487,2024-11-30T19:51:39Z
177,673454584,2015-07-28T11:30:01Z
1174,1260644499,2024-12-01T21:56:48Z
104,673454305,2015-07-28T11:27:08Z
787,1227363894,2024-06-05T08:29:31Z
6074,1109378731,2022-09-09T14:07:46Z
484,1241325377,2024-08-20T15:21:43Z
171,760851746,2017-01-19T13:19:00Z
152,1185572830,2023-11-17T16:48:51Z
864,1260524758,2024-12-01T07:06:22Z
1224,739801279,2016-09-17T02:56:03Z
202,678092459,2015-08-27T10:02:34Z
1433,1260444157,2024-11-30T20:12:19Z
562,1236648139,2024-07-25T20:45:17Z
1996,1009396590,2021-02-28T10:31:48Z
556,673453774,2015-07-28T11:22:02Z
1141,989172954,2020-11-17T13:41:50Z
8005,729178695,2016-07-10T13:31:16Z
1830,1260644841,2024-12-01T21:59:00Z
642,1073822449,2022-02-24T20:48:18Z
1406,1176831378,2023-09-24T07:29:59Z
3564,830605346,2018-03-15T21:16:36Z
2615,958644234,2020-05-24T23:34:11Z
889,1260439909,2024-11-30T19:40:24Z
559,955311030,2020-05-07T03:18:29Z
97,846442192,2018-06-18T20:26:04Z
94,674932081,2015-08-07T02:55:35Z
105,1256027460,2024-11-07T21:22:46Z
48,1260441561,2024-11-30T19:52:15Z
633,673454832,2015-07-28T11:32:22Z
1135,1260440377,2024-11-30T19:43:22Z
